runner_id,age,gender,profile_type,age_division,height_in,weight_lbs,bmi,resting_hr_bpm,est_hr_max_bpm,est_hr_max_method,vo2_proxy,training_age_years,weekly_mileage_baseline_mi,long_run_baseline_mi,prior_5k_time_min,prior_10k_time_min,prior_half_marathon_time_min,prior_marathon_time_min,goal_marathon_time_min,sleep_hours_avg,sleep_quality_1to5,stress_level_1to5,hydration_oz_per_day,biomech_strength_1to5,flexibility_1to5,joint_mobility_1to5,terrain_preference,schedule_constraints,device_use,injury_history,adherence_risk_factors,motivation_notes,is_pilot,wearable_source,macro_carb_pct,macro_protein_pct,macro_fat_pct,pref_preferred_rest_days_per_week,pref_preferred_rest_day_slots,pref_flexible_rest_days,pref_excluded_activity_types,pref_excluded_reason,pref_preferred_max_rpe,pref_prefers_low_impact,pref_available_days_per_week,pref_preferred_long_run_day,pref_preferred_workout_time,pref_goal_race_distance,pref_target_finish_time,pref_experience_level
20-F-PA-01,20,F,PA,20-29,64,114.2,19.6,47,194,Tanaka,56.9,9.6,44.9,13.1,19.9,41.5,89.8,,193.5,7.8,3,2,97,5,3,5,trail,Full-time professional; trains 6am before work.,watch,,high travel frequency,Training to qualify for Boston Marathon.,False,apple_healthkit,58,25,17,2,1|7,False,,preference,9,False,6,7,morning,marathon,216.9,advanced
22-F-PA-02,22,F,PA,20-29,65,143.6,23.9,45,193,Tanaka,61.2,10.5,43.5,12.6,17.8,36.7,80.3,168.5,213.1,8.0,4,1,83,5,5,4,mixed,Graduate student with flexible morning schedule.,hr_strap,,occasional overtraining risk,First marathon after several half marathons.,False,,58,25,17,1,3,False,,preference,10,False,6,6,midday,marathon,204.7,advanced
24-F-PA-03,24,F,PA,20-29,62,112.1,20.5,49,191,Tanaka,59.2,3.6,50.8,13.5,17.7,37.2,79.2,,263.7,7.8,5,3,87,5,4,3,road,Remote worker; trains midday.,hr_strap,,high travel frequency,Chasing a personal best at the city marathon.,False,apple_healthkit,60,25,15,1,3,True,strength_train,preference,10,False,7,6,morning,marathon,251.4,intermediate
27-F-PA-04,27,F,PA,20-29,66,135.7,21.9,44,189,Tanaka,62.8,4.0,50.1,14.0,17.0,34.4,79.5,,265.7,8.1,5,1,100,5,3,4,road,Teacher; trains immediately after school.,hr_strap,,occasional overtraining risk,Supporting a charity through marathon fundraising.,False,whoop,58,25,17,2,1|7,False,cross_train,preference,9,False,6,6,morning,marathon,247.2,intermediate
20-F-UW-01,20,F,UW,20-29,65,100.4,16.7,54,194,Tanaka,53.7,3.7,17.8,4.9,21.4,45.5,,,272.9,7.6,4,2,79,5,5,3,mixed,Works irregular hours; trains when energy allows.,none,stress fracture history managed,low energy availability risk,Marathon is a strength-building milestone.,False,apple_healthkit,50,22,28,1,1,False,incline_repeat|interval|speed_workout,medical,7,True,4,6,morning,marathon,246.6,intermediate
22-F-UW-02,22,F,UW,20-29,62,99.0,18.1,59,193,Tanaka,42.8,1.2,20.6,5.4,30.0,,,,311.1,7.8,4,3,75,4,3,2,road,Freelancer; trains midday most days.,none,mild anemia treated,nutrition deficit risk,Completing a marathon to prove endurance capacity.,False,apple_healthkit,50,22,28,2,5|7,False,incline_repeat|interval|speed_workout,medical,6,True,6,6,morning,marathon,317.1,novice
25-F-UW-03,25,F,UW,20-29,62,100.1,18.3,59,190,Tanaka,44.3,3.7,18.0,4.2,30.1,,,,253.5,7.8,2,2,94,3,3,2,mixed,College student; trains between classes.,hr_strap,stress fracture history managed,nutrition deficit risk,Training with a nutrition coach toward first marathon.,False,apple_healthkit,50,20,30,1,3,False,incline_repeat|interval|speed_workout,medical,7,True,4,7,midday,marathon,267.8,intermediate
27-F-UW-04,27,F,UW,20-29,66,106.6,17.2,67,189,Tanaka,43.9,2.5,29.6,7.9,30.0,62.5,,,256.7,6.7,4,2,71,5,3,4,road,Part-time worker; trains mornings.,hr_strap,,low energy availability risk,Building aerobic base before marathon attempt.,False,apple_healthkit,50,20,30,1,1,False,incline_repeat|interval|speed_workout,medical,7,True,6,7,midday,marathon,246.1,intermediate
21-F-OW-01,21,F,OW,20-29,65,171.9,28.6,67,193,Tanaka,39.4,1.8,14.1,4.0,,,,,302.9,7.5,2,4,73,4,2,3,road,Desk job; walks at lunch and runs evenings.,watch,plantar fasciitis managed,joint load management,Marathon goal set with physician as health milestone.,False,oura_ring,50,25,25,3,1|5|7,False,incline_repeat|interval|speed_workout,medical,7,True,5,6,midday,marathon,308.1,novice
22-F-OW-02,22,F,OW,20-29,62,156.9,28.7,80,193,Tanaka,32.2,1.8,12.7,3.1,38.5,81.1,177.9,,327.5,6.1,3,2,100,4,2,3,road,Physician-recommended exercise; trains mornings.,none,knee osteoarthritis mild,joint load management,Completing a marathon for weight management.,False,apple_healthkit,50,25,25,2,1|3,False,incline_repeat|interval|speed_workout,medical,7,True,5,5,evening,marathon,308.8,novice
25-F-OW-03,25,F,OW,20-29,62,160.7,29.4,74,190,Tanaka,32.9,1.6,11.3,3.2,,,,,335.4,6.2,2,2,71,4,2,2,road,Family commitments; trains early before household wakes.,hr_strap,lower back pain ongoing,joint load management,First marathon to prove ability after weight loss journey.,False,,50,25,25,3,1|3|5,False,incline_repeat|interval|speed_workout,medical,6,True,3,6,morning,marathon,311.0,novice
27-F-OW-04,27,F,OW,20-29,63,165.4,29.3,70,189,Tanaka,30.3,1.4,14.3,4.1,,,,,338.7,6.6,4,3,61,3,3,2,road,Shift worker; trains on days off.,watch,lower back pain ongoing,heat sensitivity,Running the marathon with a family member.,False,apple_healthkit,50,25,25,3,1|3|5,False,incline_repeat|interval|speed_workout,medical,6,True,5,5,evening,marathon,306.3,novice
21-F-HS-01,21,F,HS,20-29,66,123.9,20.0,64,193,Tanaka,45.1,2.4,23.0,5.7,,,,,247.6,6.0,2,5,80,4,4,3,road,Demanding professional role; runs at lunch.,watch,neck tension from stress,schedule disruption,Marathon is a stress management anchor.,False,garmin_connect,50,25,25,3,3|5|7,True,speed_workout,preference,5,False,4,6,morning,marathon,252.9,intermediate
23-F-HS-02,23,F,HS,20-29,65,141.2,23.5,64,192,Tanaka,47.2,6.8,27.4,7.6,26.3,,,,261.4,5.6,1,5,74,3,2,2,road,Business owner; trains before 6am.,watch,neck tension from stress,cortisol-driven fatigue,Running keeps them grounded during a high-demand period.,False,garmin_connect,50,25,25,2,5|7,True,interval,preference,8,False,4,6,morning,marathon,244.4,intermediate
24-F-HS-03,24,F,HS,20-29,62,146.0,26.7,71,191,Tanaka,43.1,6.8,23.4,6.0,31.1,64.7,,,257.3,6.3,2,5,99,5,4,3,mixed,New parent; trains during nap windows.,watch,Achilles tendinopathy,schedule disruption,Marathon training structured around demanding career.,False,,50,25,25,2,3|5,False,incline_repeat|speed_workout,preference,8,False,5,5,morning,marathon,253.2,intermediate
27-F-HS-04,27,F,HS,20-29,64,127.0,21.8,68,189,Tanaka,52.5,2.5,15.3,3.8,22.4,46.6,105.1,,241.1,6.7,3,4,96,4,3,2,mixed,Caregiver role; trains when coverage available.,watch,Achilles tendinopathy,emotional stress load,Using marathon prep as a reason to protect recovery time.,False,garmin_connect,50,25,25,3,1|3|7,False,,preference,8,False,3,6,morning,marathon,260.1,intermediate
21-F-SD-01,21,F,SD,20-29,65,148.4,24.7,64,193,Tanaka,47.7,2.9,18.9,5.1,25.4,,,,261.5,3.8,2,3,80,3,3,3,road,Parent of young children; trains in fragmented windows.,none,,energy variability,Marathon goal to reclaim personal identity.,False,apple_healthkit,50,25,25,1,7,False,interval|speed_workout,preference,7,False,3,6,midday,marathon,259.5,intermediate
22-F-SD-02,22,F,SD,20-29,63,140.6,24.9,66,193,Tanaka,45.7,3.3,10.9,2.8,29.4,61.0,,,239.6,4.9,1,2,79,3,2,3,road,Night shift nurse; trains post-shift before sleep.,none,shin splints intermittent,sleep fragmentation,Completing a marathon before next life stage.,False,,50,25,25,3,1|3|7,False,incline_repeat|interval|speed_workout,preference,7,True,3,7,midday,marathon,250.4,intermediate
25-F-SD-03,25,F,SD,20-29,62,132.9,24.3,76,190,Tanaka,43.1,0.6,13.0,3.4,,,,,317.3,4.2,1,3,71,4,3,3,road,Startup employee; deprioritizes sleep for work.,watch,,energy variability,Running the marathon for a cause close to them.,False,,50,25,25,1,1,False,speed_workout,preference,6,False,3,6,morning,marathon,323.3,novice
27-F-SD-04,27,F,SD,20-29,65,133.4,22.2,70,189,Tanaka,36.5,1.5,17.6,4.4,35.1,74.1,162.8,,335.2,4.6,2,4,91,4,2,2,road,Graduate student; stays up late writing.,hr_strap,hip flexor tightness,sleep fragmentation,First marathon as a symbol of resilience.,False,whoop,50,25,25,2,3|5,False,incline_repeat|interval|speed_workout,preference,6,False,4,7,morning,marathon,314.9,novice
21-M-PA-01,21,M,PA,20-29,68,136.1,20.7,47,193,Tanaka,61.6,4.7,35.0,9.2,17.0,35.8,,,245.5,7.8,4,1,72,5,4,3,trail,Full-time professional; trains 6am before work.,watch,IT band tightness managed,high travel frequency,Training to qualify for Boston Marathon.,False,,58,25,17,2,1|7,True,,preference,8,False,7,7,morning,marathon,246.2,intermediate
23-M-PA-02,23,M,PA,20-29,69,146.3,21.6,49,192,Tanaka,62.4,3.5,55.5,14.3,17.0,34.5,78.6,168.0,247.9,7.2,4,3,98,5,5,4,trail,Graduate student with flexible morning schedule.,watch,IT band tightness managed,competition anxiety,First marathon after several half marathons.,False,apple_healthkit,60,25,15,2,1|5,True,,preference,7,False,5,6,morning,marathon,239.8,intermediate
24-M-PA-03,24,M,PA,20-29,70,143.6,20.6,45,191,Tanaka,62.0,6.7,49.2,12.7,17.0,34.5,76.8,,171.3,7.9,3,2,67,5,5,3,trail,Remote worker; trains midday.,watch,,high travel frequency,Chasing a personal best at the city marathon.,False,garmin_connect,60,25,15,2,3|5,False,strength_train,preference,9,False,7,7,morning,marathon,190.0,advanced
27-M-PA-04,27,M,PA,20-29,70,149.8,21.5,44,189,Tanaka,71.6,9.6,47.1,10.5,17.0,34.4,80.1,165.7,179.2,7.3,5,3,88,5,5,4,mixed,Teacher; trains immediately after school.,watch,mild shin splints resolved,competition anxiety,Supporting a charity through marathon fundraising.,False,garmin_connect,58,25,17,2,3|5,True,cross_train,preference,8,False,6,7,midday,marathon,189.9,advanced
21-M-UW-01,21,M,UW,20-29,70,128.2,18.4,53,193,Tanaka,53.5,2.6,24.5,7.3,,,,,231.2,7.5,4,3,86,3,5,3,mixed,Works irregular hours; trains when energy allows.,none,stress fracture history managed,low energy availability risk,Marathon is a strength-building milestone.,False,apple_healthkit,50,20,30,2,3|7,False,incline_repeat|interval|speed_workout,medical,7,True,6,7,morning,marathon,220.9,intermediate
22-M-UW-02,22,M,UW,20-29,68,119.0,18.1,52,193,Tanaka,54.6,1.5,33.9,9.9,,,,,293.5,7.2,4,3,92,4,4,3,mixed,Freelancer; trains midday most days.,watch,,low energy availability risk,Completing a marathon to prove endurance capacity.,False,apple_healthkit,50,23,27,2,3|5,False,incline_repeat|interval|speed_workout,medical,8,True,6,6,morning,marathon,288.3,novice
25-M-UW-03,25,M,UW,20-29,72,127.6,17.3,68,190,Tanaka,51.2,1.0,30.2,8.7,,,,,298.2,7.2,3,3,81,5,4,3,mixed,College student; trains between classes.,watch,stress fracture history managed,bone stress risk,Training with a nutrition coach toward first marathon.,False,,50,23,27,2,3|7,False,incline_repeat|interval|speed_workout,medical,6,True,5,7,morning,marathon,307.4,novice
27-M-UW-04,27,M,UW,20-29,71,124.8,17.4,56,189,Tanaka,53.9,1.2,27.0,7.2,23.4,48.7,,,309.8,7.1,4,2,64,4,4,4,mixed,Part-time worker; trains mornings.,none,mild anemia treated,bone stress risk,Building aerobic base before marathon attempt.,False,apple_healthkit,50,22,28,2,5|7,False,incline_repeat|interval|speed_workout,medical,8,True,5,6,morning,marathon,282.1,novice
21-M-OW-01,21,M,OW,20-29,71,240.2,33.5,65,193,Tanaka,42.1,0.9,22.2,6.4,,,,,292.7,6.1,2,3,82,4,3,2,road,Desk job; walks at lunch and runs evenings.,none,lower back pain ongoing,pacing consistency,Marathon goal set with physician as health milestone.,False,google_health_connect,50,25,25,2,1|3,False,incline_repeat|interval|speed_workout,medical,5,True,5,6,midday,marathon,300.5,novice
23-M-OW-02,23,M,OW,20-29,67,210.1,32.9,70,192,Tanaka,42.5,1.6,17.3,3.8,,,,,307.2,6.2,3,3,97,4,3,3,road,Physician-recommended exercise; trains mornings.,hr_strap,plantar fasciitis managed,heat sensitivity,Completing a marathon for weight management.,False,apple_healthkit,50,25,25,2,3|7,False,incline_repeat|interval|speed_workout,medical,7,True,4,7,evening,marathon,309.8,novice
25-M-OW-03,25,M,OW,20-29,72,199.8,27.1,75,190,Tanaka,39.8,3.0,22.9,6.4,32.5,,,,217.0,6.4,2,4,82,3,2,3,road,Family commitments; trains early before household wakes.,none,lower back pain ongoing,pacing consistency,First marathon to prove ability after weight loss journey.,False,apple_healthkit,50,25,25,2,3|5,False,incline_repeat|interval|speed_workout,medical,5,True,5,6,midday,marathon,223.9,intermediate
27-M-OW-04,27,M,OW,20-29,69,197.1,29.1,68,189,Tanaka,38.8,4.0,25.4,6.3,32.2,,,,235.1,7.4,3,4,81,3,3,2,road,Shift worker; trains on days off.,watch,lower back pain ongoing,pacing consistency,Running the marathon with a family member.,False,,50,25,25,3,1|3|5,False,incline_repeat|interval|speed_workout,medical,5,True,4,7,morning,marathon,233.6,intermediate
21-M-HS-01,21,M,HS,20-29,72,179.9,24.4,69,193,Tanaka,47.5,3.4,17.4,5.1,28.0,59.0,,,237.5,6.0,2,4,68,3,2,3,mixed,Demanding professional role; runs at lunch.,watch,plantar fasciitis managed,emotional stress load,Marathon is a stress management anchor.,False,whoop,50,25,25,1,7,True,speed_workout,preference,8,False,5,7,midday,marathon,224.6,intermediate
23-M-HS-02,23,M,HS,20-29,72,183.6,24.9,73,192,Tanaka,54.6,7.6,21.2,5.8,21.6,46.0,101.8,,178.7,5.6,2,4,67,4,2,4,road,Business owner; trains before 6am.,hr_strap,neck tension from stress,cortisol-driven fatigue,Running keeps them grounded during a high-demand period.,False,,50,25,25,1,5,False,interval,preference,6,False,5,5,morning,marathon,199.9,advanced
24-M-HS-03,24,M,HS,20-29,72,179.9,24.4,65,191,Tanaka,50.6,2.9,30.5,6.7,23.5,48.3,,,249.3,5.5,1,5,75,5,3,2,road,New parent; trains during nap windows.,watch,plantar fasciitis managed,emotional stress load,Marathon training structured around demanding career.,False,whoop,50,25,25,2,1|5,False,incline_repeat|speed_workout,preference,8,False,4,7,midday,marathon,223.3,intermediate
26-M-HS-04,26,M,HS,20-29,66,167.9,27.1,74,190,Tanaka,50.2,5.9,17.5,5.2,24.6,,,,203.9,6.2,1,5,98,3,2,2,mixed,Caregiver role; trains when coverage available.,hr_strap,neck tension from stress,emotional stress load,Using marathon prep as a reason to protect recovery time.,False,,50,25,25,3,3|5|7,True,,preference,8,False,3,7,morning,marathon,200.6,advanced
20-M-SD-01,20,M,SD,20-29,67,145.6,22.8,73,194,Tanaka,44.7,2.5,17.0,3.9,29.2,61.7,136.3,276.1,232.1,4.6,1,4,63,4,2,3,road,Parent of young children; trains in fragmented windows.,watch,hip flexor tightness,sleep fragmentation,Marathon goal to reclaim personal identity.,False,whoop,50,25,25,2,3|5,False,interval|speed_workout,preference,7,False,3,5,morning,marathon,234.5,intermediate
22-M-SD-02,22,M,SD,20-29,70,155.4,22.3,71,193,Tanaka,41.6,1.8,14.7,3.7,,,,,297.4,4.5,1,4,77,3,2,3,road,Night shift nurse; trains post-shift before sleep.,none,shin splints intermittent,sleep fragmentation,Completing a marathon before next life stage.,False,apple_healthkit,50,25,25,1,7,False,incline_repeat,preference,7,False,5,5,midday,marathon,302.4,novice
24-M-SD-03,24,M,SD,20-29,69,151.7,22.4,70,191,Tanaka,42.2,1.9,15.9,4.7,31.6,,,,298.8,3.6,1,3,88,4,3,3,road,Startup employee; deprioritizes sleep for work.,none,hip flexor tightness,sleep fragmentation,Running the marathon for a cause close to them.,False,oura_ring,50,25,25,2,1|7,False,speed_workout,preference,7,False,5,6,morning,marathon,300.0,novice
26-M-SD-04,26,M,SD,20-29,70,149.1,21.4,61,190,Tanaka,40.1,1.9,14.5,3.3,31.4,,,,285.2,3.8,2,4,74,4,2,3,road,Graduate student; stays up late writing.,none,,sleep fragmentation,First marathon as a symbol of resilience.,False,oura_ring,50,25,25,2,5|7,False,incline_repeat|interval|speed_workout,preference,7,False,4,6,midday,marathon,292.2,novice
31-F-PA-01,31,F,PA,30-39,66,125.8,20.3,51,186,Tanaka,61.8,11.3,30.2,8.7,17.0,35.0,77.2,163.2,199.7,7.2,5,1,82,4,3,3,road,Full-time professional; trains 6am before work.,watch,,occasional overtraining risk,Training to qualify for Boston Marathon.,False,garmin_connect,58,25,17,1,1,False,,preference,10,False,6,7,midday,marathon,222.7,advanced
33-F-PA-02,33,F,PA,30-39,64,136.3,23.4,46,185,Tanaka,56.7,7.2,43.8,12.4,19.9,40.6,90.3,,213.7,8.5,3,3,98,5,4,5,mixed,Graduate student with flexible morning schedule.,hr_strap,mild shin splints resolved,occasional overtraining risk,First marathon after several half marathons.,False,garmin_connect,60,25,15,1,5,True,,preference,8,False,5,7,morning,marathon,219.3,advanced
35-F-PA-03,35,F,PA,30-39,62,130.7,23.9,52,184,Tanaka,59.4,3.4,45.7,13.7,18.7,,,,256.0,7.6,4,3,98,5,3,4,road,Remote worker; trains midday.,hr_strap,mild shin splints resolved,competition anxiety,Chasing a personal best at the city marathon.,False,,55,25,20,2,3|7,False,strength_train,preference,8,False,6,7,midday,marathon,261.0,intermediate
37-F-PA-04,37,F,PA,30-39,62,109.9,20.1,48,182,Tanaka,58.3,8.8,36.2,8.3,,,,,218.1,8.4,3,3,87,5,3,4,trail,Teacher; trains immediately after school.,watch,mild shin splints resolved,competition anxiety,Supporting a charity through marathon fundraising.,False,garmin_connect,60,25,15,1,3,True,cross_train,preference,8,False,5,7,morning,marathon,210.2,advanced
30-F-UW-01,30,F,UW,30-39,66,111.5,18.0,58,187,Tanaka,46.2,1.8,18.5,5.1,28.9,60.0,,,325.0,8.0,4,3,88,4,3,3,mixed,Works irregular hours; trains when energy allows.,watch,,bone stress risk,Marathon is a strength-building milestone.,False,oura_ring,50,20,30,2,3|7,False,incline_repeat|interval|speed_workout,medical,7,True,6,7,morning,marathon,329.5,novice
32-F-UW-02,32,F,UW,30-39,62,101.1,18.5,69,186,Tanaka,49.5,3.8,17.4,5.0,,,,,269.0,6.9,4,2,87,2,4,3,road,Freelancer; trains midday most days.,hr_strap,mild anemia treated,bone stress risk,Completing a marathon to prove endurance capacity.,False,apple_healthkit,50,20,30,2,3|7,False,incline_repeat|interval|speed_workout,medical,6,True,5,6,morning,marathon,249.6,intermediate
34-F-UW-03,34,F,UW,30-39,64,107.2,18.4,58,184,Tanaka,40.7,2.4,27.6,7.6,32.1,66.1,149.7,,240.6,7.6,4,3,67,2,4,2,road,College student; trains between classes.,watch,,bone stress risk,Training with a nutrition coach toward first marathon.,False,apple_healthkit,50,22,28,2,1|7,False,incline_repeat|interval|speed_workout,medical,7,True,6,6,morning,marathon,255.5,intermediate
36-F-UW-04,36,F,UW,30-39,64,106.0,18.2,67,183,Tanaka,39.0,2.8,24.0,5.6,32.8,,,,261.7,7.3,4,4,61,3,3,4,mixed,Part-time worker; trains mornings.,hr_strap,,low energy availability risk,Building aerobic base before marathon attempt.,False,oura_ring,50,22,28,2,1|3,False,incline_repeat|interval|speed_workout,medical,6,True,6,6,morning,marathon,262.1,intermediate
31-F-OW-01,31,F,OW,30-39,64,162.5,27.9,82,186,Tanaka,31.7,3.4,20.8,5.7,37.7,79.0,,,339.2,6.1,2,2,72,2,3,3,road,Desk job; walks at lunch and runs evenings.,none,plantar fasciitis managed,joint load management,Marathon goal set with physician as health milestone.,False,google_health_connect,50,25,25,2,3|5,False,incline_repeat|interval|speed_workout,medical,5,True,5,6,evening,marathon,308.7,novice
33-F-OW-02,33,F,OW,30-39,65,179.1,29.8,79,185,Tanaka,39.5,2.2,22.7,5.9,33.6,,,,254.9,7.1,2,3,98,2,3,3,road,Physician-recommended exercise; trains mornings.,watch,lower back pain ongoing,heat sensitivity,Completing a marathon for weight management.,False,oura_ring,50,25,25,3,3|5|7,False,incline_repeat|interval|speed_workout,medical,5,True,5,6,evening,marathon,253.4,intermediate
35-F-OW-03,35,F,OW,30-39,65,186.3,31.0,73,184,Tanaka,36.0,4.1,10.7,2.9,,,,,316.2,6.2,2,2,98,3,2,2,road,Family commitments; trains early before household wakes.,watch,plantar fasciitis managed,heat sensitivity,First marathon to prove ability after weight loss journey.,False,,50,25,25,3,1|5|7,False,incline_repeat|interval|speed_workout,medical,7,True,4,6,evening,marathon,318.3,novice
36-F-OW-04,36,F,OW,30-39,66,190.2,30.7,76,183,Tanaka,32.6,3.4,13.2,3.0,37.2,,,,329.4,6.4,3,4,88,2,3,3,road,Shift worker; trains on days off.,watch,knee osteoarthritis mild,heat sensitivity,Running the marathon with a family member.,False,apple_healthkit,50,25,25,2,1|7,False,incline_repeat|interval|speed_workout,medical,7,True,4,7,evening,marathon,326.3,novice
31-F-HS-01,31,F,HS,30-39,63,150.7,26.7,65,186,Tanaka,48.1,5.1,14.8,3.5,27.2,56.4,,,240.6,6.3,3,4,64,3,3,4,mixed,Demanding professional role; runs at lunch.,hr_strap,Achilles tendinopathy,emotional stress load,Marathon is a stress management anchor.,False,garmin_connect,50,25,25,1,3,True,speed_workout,preference,5,False,4,6,midday,marathon,255.5,intermediate
32-F-HS-02,32,F,HS,30-39,66,164.8,26.6,78,186,Tanaka,39.5,7.8,19.5,5.7,31.2,64.6,,,237.2,6.0,3,5,65,3,2,4,mixed,Business owner; trains before 6am.,watch,Achilles tendinopathy,emotional stress load,Running keeps them grounded during a high-demand period.,False,,50,25,25,3,1|5|7,True,interval,preference,6,False,3,7,midday,marathon,261.6,intermediate
35-F-HS-03,35,F,HS,30-39,66,162.9,26.3,61,184,Tanaka,48.6,2.2,13.7,3.7,,,,,258.1,6.1,3,4,91,4,4,3,mixed,New parent; trains during nap windows.,watch,neck tension from stress,schedule disruption,Marathon training structured around demanding career.,False,whoop,50,25,25,2,1|7,True,incline_repeat|speed_workout,preference,6,False,4,6,morning,marathon,253.9,intermediate
37-F-HS-04,37,F,HS,30-39,64,142.7,24.5,70,182,Tanaka,47.3,7.2,27.6,6.4,27.1,56.0,122.3,,249.8,6.1,3,5,75,2,3,4,mixed,Caregiver role; trains when coverage available.,watch,Achilles tendinopathy,emotional stress load,Using marathon prep as a reason to protect recovery time.,False,whoop,50,25,25,2,3|7,True,,preference,5,False,4,7,morning,marathon,269.0,intermediate
30-F-SD-01,30,F,SD,30-39,62,130.1,23.8,63,187,Tanaka,34.9,3.2,18.1,5.0,34.1,70.6,,,311.4,4.1,1,3,63,2,3,3,road,Parent of young children; trains in fragmented windows.,none,,recovery deficit,Marathon goal to reclaim personal identity.,False,,50,25,25,2,1|7,False,incline_repeat|interval|speed_workout,preference,6,True,4,6,morning,marathon,333.2,novice
32-F-SD-02,32,F,SD,30-39,66,132.0,21.3,74,186,Tanaka,38.0,0.7,9.6,2.4,,,,,318.9,4.3,2,4,80,2,3,3,road,Night shift nurse; trains post-shift before sleep.,watch,hip flexor tightness,energy variability,Completing a marathon before next life stage.,False,,50,25,25,3,1|3|5,False,incline_repeat,preference,7,False,3,6,morning,marathon,314.2,novice
34-F-SD-03,34,F,SD,30-39,64,139.2,23.9,69,184,Tanaka,41.1,3.1,10.0,2.7,32.3,,,,259.8,3.5,1,2,61,3,3,3,road,Startup employee; deprioritizes sleep for work.,none,shin splints intermittent,energy variability,Running the marathon for a cause close to them.,False,,50,25,25,3,1|5|7,False,incline_repeat|interval|speed_workout,preference,7,True,3,7,evening,marathon,269.9,intermediate
37-F-SD-04,37,F,SD,30-39,64,136.3,23.4,67,182,Tanaka,37.4,2.9,14.6,4.0,,,,,334.7,3.9,2,2,75,3,3,2,road,Graduate student; stays up late writing.,none,shin splints intermittent,recovery deficit,First marathon as a symbol of resilience.,False,,50,25,25,3,3|5|7,False,incline_repeat|interval|speed_workout,preference,7,False,4,6,midday,marathon,322.2,novice
31-M-PA-01,31,M,PA,30-39,69,159.1,23.5,49,186,Tanaka,69.4,10.2,39.3,9.6,17.0,35.4,78.4,,198.6,8.0,3,1,99,4,3,3,mixed,Full-time professional; trains 6am before work.,hr_strap,IT band tightness managed,high travel frequency,Training to qualify for Boston Marathon.,False,garmin_connect,60,25,15,1,1,True,,preference,10,False,5,6,morning,marathon,203.9,advanced
32-M-PA-02,32,M,PA,30-39,69,144.2,21.3,51,186,Tanaka,65.5,9.8,39.2,9.5,17.0,35.9,,,172.4,7.1,3,2,71,5,4,3,mixed,Graduate student with flexible morning schedule.,watch,,competition anxiety,First marathon after several half marathons.,False,garmin_connect,55,25,20,1,5,False,,preference,10,False,5,7,morning,marathon,180.8,advanced
34-M-PA-03,34,M,PA,30-39,71,150.6,21.0,51,184,Tanaka,65.4,9.5,32.4,8.0,17.0,35.7,77.8,162.1,181.8,7.1,3,2,80,4,4,4,road,Remote worker; trains midday.,watch,mild shin splints resolved,competition anxiety,Chasing a personal best at the city marathon.,False,apple_healthkit,55,25,20,1,5,True,strength_train,preference,8,False,5,6,morning,marathon,184.2,advanced
37-M-PA-04,37,M,PA,30-39,71,162.0,22.6,56,182,Tanaka,61.0,4.1,54.9,13.4,17.0,35.9,77.7,162.8,239.6,7.8,5,1,75,4,5,4,mixed,Teacher; trains immediately after school.,hr_strap,,occasional overtraining risk,Supporting a charity through marathon fundraising.,False,apple_healthkit,60,25,15,1,1,True,cross_train,preference,8,False,7,6,morning,marathon,229.8,intermediate
31-M-UW-01,31,M,UW,30-39,67,107.3,16.8,69,186,Tanaka,46.1,3.6,31.3,8.0,27.6,58.1,,,235.5,7.1,2,4,73,2,3,3,mixed,Works irregular hours; trains when energy allows.,none,,low energy availability risk,Marathon is a strength-building milestone.,False,apple_healthkit,50,23,27,1,7,False,incline_repeat|interval|speed_workout,medical,6,True,5,7,morning,marathon,243.1,intermediate
33-M-UW-02,33,M,UW,30-39,69,117.8,17.4,68,185,Tanaka,55.4,5.5,25.3,6.9,21.3,43.8,,,241.5,7.3,4,2,60,3,4,4,mixed,Freelancer; trains midday most days.,none,stress fracture history managed,low energy availability risk,Completing a marathon to prove endurance capacity.,False,apple_healthkit,50,20,30,2,1|5,False,incline_repeat|interval|speed_workout,medical,7,True,4,6,morning,marathon,244.3,intermediate
35-M-UW-03,35,M,UW,30-39,66,110.9,17.9,61,184,Tanaka,47.5,1.5,20.5,5.5,25.4,52.5,119.1,243.6,303.1,6.9,4,4,80,4,5,3,road,College student; trains between classes.,hr_strap,,bone stress risk,Training with a nutrition coach toward first marathon.,False,garmin_connect,50,23,27,1,7,False,incline_repeat|interval|speed_workout,medical,7,True,5,6,morning,marathon,308.5,novice
36-M-UW-04,36,M,UW,30-39,69,121.2,17.9,69,183,Tanaka,45.6,2.7,29.0,7.3,28.7,59.2,,,236.0,6.9,2,3,69,2,5,3,mixed,Part-time worker; trains mornings.,none,stress fracture history managed,nutrition deficit risk,Building aerobic base before marathon attempt.,False,,50,22,28,1,5,False,incline_repeat|interval|speed_workout,medical,6,True,5,6,midday,marathon,245.4,intermediate
30-M-OW-01,30,M,OW,30-39,72,224.9,30.5,71,187,Tanaka,33.7,2.2,21.9,4.9,,,,,277.9,7.0,2,3,73,3,3,2,road,Desk job; walks at lunch and runs evenings.,watch,knee osteoarthritis mild,pacing consistency,Marathon goal set with physician as health milestone.,False,,50,25,25,3,1|3|5,False,incline_repeat|interval|speed_workout,medical,6,True,3,7,evening,marathon,303.3,novice
33-M-OW-02,33,M,OW,30-39,71,215.1,30.0,76,185,Tanaka,37.3,2.1,25.5,6.6,,,,,307.1,6.5,2,3,80,3,2,2,road,Physician-recommended exercise; trains mornings.,watch,lower back pain ongoing,pacing consistency,Completing a marathon for weight management.,False,oura_ring,50,25,25,3,1|5|7,False,incline_repeat|interval|speed_workout,medical,6,True,3,6,midday,marathon,305.0,novice
35-M-OW-03,35,M,OW,30-39,71,219.4,30.6,75,184,Tanaka,36.6,4.2,26.6,7.2,,,,,294.6,6.3,4,4,91,2,2,2,road,Family commitments; trains early before household wakes.,none,knee osteoarthritis mild,heat sensitivity,First marathon to prove ability after weight loss journey.,False,apple_healthkit,50,25,25,2,1|3,False,incline_repeat|interval|speed_workout,medical,7,True,3,5,morning,marathon,295.2,novice
37-M-OW-04,37,M,OW,30-39,71,196.5,27.4,80,182,Tanaka,42.2,0.6,20.9,5.3,31.1,64.8,,,275.7,6.6,2,2,66,2,2,2,road,Shift worker; trains on days off.,hr_strap,plantar fasciitis managed,joint load management,Running the marathon with a family member.,False,oura_ring,50,25,25,3,1|3|7,False,incline_repeat|interval|speed_workout,medical,7,True,3,6,midday,marathon,304.8,novice
30-M-HS-01,30,M,HS,30-39,72,183.6,24.9,61,187,Tanaka,44.3,4.3,25.3,5.7,28.0,59.0,,,215.4,6.8,1,4,74,2,4,4,mixed,Demanding professional role; runs at lunch.,watch,plantar fasciitis managed,emotional stress load,Marathon is a stress management anchor.,False,whoop,50,25,25,2,1|7,True,speed_workout,preference,7,False,3,5,midday,marathon,224.3,intermediate
33-M-HS-02,33,M,HS,30-39,68,177.6,27.0,65,185,Tanaka,50.9,5.4,29.7,8.1,,,,,191.6,6.7,3,4,92,4,3,2,road,Business owner; trains before 6am.,watch,plantar fasciitis managed,schedule disruption,Running keeps them grounded during a high-demand period.,False,whoop,50,25,25,3,1|3|7,True,interval,preference,8,False,4,5,morning,marathon,191.6,advanced
35-M-HS-03,35,M,HS,30-39,71,166.3,23.2,78,184,Tanaka,52.2,2.5,26.3,7.5,22.2,,,,243.5,6.5,3,5,80,3,2,2,road,New parent; trains during nap windows.,watch,Achilles tendinopathy,schedule disruption,Marathon training structured around demanding career.,False,garmin_connect,50,25,25,1,3,False,incline_repeat|speed_workout,preference,8,False,4,7,midday,marathon,235.4,intermediate
36-M-HS-04,36,M,HS,30-39,68,132.9,20.2,77,183,Tanaka,44.3,5.6,21.9,5.5,28.7,,,,226.7,6.9,1,4,84,2,2,3,mixed,Caregiver role; trains when coverage available.,watch,plantar fasciitis managed,cortisol-driven fatigue,Using marathon prep as a reason to protect recovery time.,False,garmin_connect,50,25,25,1,7,False,,preference,7,False,4,5,morning,marathon,227.6,intermediate
30-M-SD-01,30,M,SD,30-39,69,167.3,24.7,68,187,Tanaka,43.4,1.1,12.1,3.0,,,,,308.7,4.2,2,4,98,2,3,3,road,Parent of young children; trains in fragmented windows.,none,shin splints intermittent,energy variability,Marathon goal to reclaim personal identity.,False,apple_healthkit,50,25,25,2,5|7,False,incline_repeat|interval|speed_workout,preference,6,True,5,5,evening,marathon,291.3,novice
33-M-SD-02,33,M,SD,30-39,70,156.1,22.4,68,185,Tanaka,45.3,3.0,20.2,5.3,,,,,253.1,4.2,2,4,64,3,3,2,road,Night shift nurse; trains post-shift before sleep.,hr_strap,hip flexor tightness,sleep fragmentation,Completing a marathon before next life stage.,False,apple_healthkit,50,25,25,3,1|3|7,False,incline_repeat,preference,7,False,4,7,evening,marathon,236.0,intermediate
35-M-SD-03,35,M,SD,30-39,72,173.3,23.5,73,184,Tanaka,46.8,4.2,19.1,5.6,,,,,219.4,3.7,1,4,85,3,3,2,road,Startup employee; deprioritizes sleep for work.,hr_strap,shin splints intermittent,recovery deficit,Running the marathon for a cause close to them.,False,apple_healthkit,50,25,25,3,3|5|7,False,speed_workout,preference,7,False,5,7,morning,marathon,224.5,intermediate
36-M-SD-04,36,M,SD,30-39,68,151.9,23.1,75,183,Tanaka,49.9,0.9,22.0,6.1,,,,,288.9,4.3,2,3,66,3,3,3,road,Graduate student; stays up late writing.,none,hip flexor tightness,sleep fragmentation,First marathon as a symbol of resilience.,False,oura_ring,50,25,25,1,5,False,incline_repeat|interval|speed_workout,preference,7,True,3,7,midday,marathon,295.5,novice
40-F-PA-01,40,F,PA,40-49,65,126.2,21.0,53,180,Tanaka,52.0,6.6,32.6,8.8,22.2,46.5,103.3,215.4,207.3,8.2,3,3,66,4,4,4,road,Full-time professional; trains 6am before work.,watch,mild shin splints resolved,occasional overtraining risk,Training to qualify for Boston Marathon.,False,garmin_connect,60,25,15,2,5|7,False,,preference,10,False,7,6,morning,marathon,205.6,advanced
43-F-PA-02,43,F,PA,40-49,64,129.9,22.3,55,178,Tanaka,56.7,9.0,35.8,8.6,19.9,41.7,91.1,191.3,194.7,8.4,3,3,70,5,3,3,trail,Graduate student with flexible morning schedule.,watch,,competition anxiety,First marathon after several half marathons.,False,whoop,58,25,17,1,7,False,,preference,10,False,7,7,morning,marathon,215.5,advanced
45-F-PA-03,45,F,PA,40-49,65,136.4,22.7,53,176,Tanaka,51.2,8.1,47.9,11.4,23.3,48.7,107.2,224.2,191.3,7.4,5,2,94,5,5,3,trail,Remote worker; trains midday.,watch,IT band tightness managed,high travel frequency,Chasing a personal best at the city marathon.,False,,55,25,20,2,1|3,False,strength_train,preference,7,False,6,6,morning,marathon,201.3,advanced
47-F-PA-04,47,F,PA,40-49,66,145.0,23.4,56,175,Tanaka,54.6,8.5,47.6,13.6,22.0,45.2,,,222.2,7.4,5,2,92,4,3,4,road,Teacher; trains immediately after school.,watch,,occasional overtraining risk,Supporting a charity through marathon fundraising.,False,,60,25,15,1,3,False,cross_train,preference,9,False,5,7,morning,marathon,199.3,advanced
41-F-UW-01,41,F,UW,40-49,65,107.6,17.9,70,179,Tanaka,37.9,5.0,26.8,6.8,,,,,330.0,7.2,3,3,97,4,3,4,mixed,Works irregular hours; trains when energy allows.,none,,nutrition deficit risk,Marathon is a strength-building milestone.,False,,50,20,30,1,7,False,incline_repeat|interval|speed_workout,medical,6,True,5,6,midday,marathon,313.1,novice
43-F-UW-02,43,F,UW,40-49,66,107.2,17.3,60,178,Tanaka,43.8,3.4,20.8,5.7,,,,,236.9,7.2,2,2,88,2,4,2,road,Freelancer; trains midday most days.,none,stress fracture history managed,nutrition deficit risk,Completing a marathon to prove endurance capacity.,False,oura_ring,50,22,28,1,5,False,incline_repeat|interval|speed_workout,medical,7,True,4,7,morning,marathon,267.1,intermediate
44-F-UW-03,44,F,UW,40-49,64,96.7,16.6,63,177,Tanaka,42.2,1.5,17.3,4.1,30.7,63.0,138.9,,303.1,7.5,3,2,74,2,5,2,road,College student; trains between classes.,hr_strap,mild anemia treated,low energy availability risk,Training with a nutrition coach toward first marathon.,False,oura_ring,50,22,28,2,3|5,False,incline_repeat|interval|speed_workout,medical,8,True,4,6,morning,marathon,321.9,novice
46-F-UW-04,46,F,UW,40-49,63,98.8,17.5,60,176,Tanaka,48.0,4.1,22.2,5.3,25.3,,,,270.9,7.0,3,3,68,3,5,2,road,Part-time worker; trains mornings.,none,,bone stress risk,Building aerobic base before marathon attempt.,False,,50,20,30,2,1|5,False,incline_repeat|interval|speed_workout,medical,7,True,4,6,morning,marathon,251.8,intermediate
40-F-OW-01,40,F,OW,40-49,63,181.2,32.1,82,180,Tanaka,30.4,1.6,18.3,4.1,37.3,77.6,,,335.5,6.6,4,4,71,3,2,2,road,Desk job; walks at lunch and runs evenings.,watch,knee osteoarthritis mild,joint load management,Marathon goal set with physician as health milestone.,False,oura_ring,50,25,25,2,5|7,False,incline_repeat|interval|speed_workout,medical,6,True,5,7,midday,marathon,328.0,novice
43-F-OW-02,43,F,OW,40-49,62,172.8,31.6,71,178,Tanaka,28.9,1.9,16.6,3.9,39.9,,,,332.3,7.3,4,4,64,3,3,2,road,Physician-recommended exercise; trains mornings.,watch,plantar fasciitis managed,joint load management,Completing a marathon for weight management.,False,apple_healthkit,50,25,25,3,1|3|7,False,incline_repeat|interval|speed_workout,medical,5,True,3,7,morning,marathon,326.0,novice
44-F-OW-03,44,F,OW,40-49,64,175.9,30.2,75,177,Tanaka,27.3,1.1,20.2,4.9,41.7,,,,335.5,6.4,2,3,96,2,3,3,road,Family commitments; trains early before household wakes.,watch,lower back pain ongoing,joint load management,First marathon to prove ability after weight loss journey.,False,google_health_connect,50,25,25,3,1|3|7,False,incline_repeat|interval|speed_workout,medical,7,True,5,7,morning,marathon,311.9,novice
46-F-OW-04,46,F,OW,40-49,62,149.3,27.3,74,176,Tanaka,25.6,2.1,22.0,5.2,,,,,338.4,7.1,4,3,74,3,2,3,road,Shift worker; trains on days off.,hr_strap,lower back pain ongoing,heat sensitivity,Running the marathon with a family member.,False,apple_healthkit,50,25,25,2,1|7,False,incline_repeat|interval|speed_workout,medical,5,True,5,5,evening,marathon,307.1,novice
41-F-HS-01,41,F,HS,40-49,64,154.4,26.5,72,179,Tanaka,36.2,4.7,18.5,4.5,35.4,74.7,,,331.4,6.7,3,4,69,2,3,2,road,Demanding professional role; runs at lunch.,hr_strap,neck tension from stress,emotional stress load,Marathon is a stress management anchor.,False,apple_healthkit,50,25,25,1,5,False,speed_workout,preference,8,False,5,7,morning,marathon,308.1,novice
42-F-HS-02,42,F,HS,40-49,62,126.3,23.1,66,179,Tanaka,45.0,2.6,26.8,7.8,29.1,,,,255.8,5.6,1,4,100,3,2,4,road,Business owner; trains before 6am.,watch,plantar fasciitis managed,cortisol-driven fatigue,Running keeps them grounded during a high-demand period.,False,,50,25,25,2,3|5,True,interval,preference,8,False,5,7,morning,marathon,249.5,intermediate
45-F-HS-03,45,F,HS,40-49,63,123.1,21.8,66,176,Tanaka,45.9,5.5,15.3,3.6,27.6,,,,253.6,5.8,2,5,76,2,2,2,mixed,New parent; trains during nap windows.,hr_strap,neck tension from stress,cortisol-driven fatigue,Marathon training structured around demanding career.,False,,50,25,25,1,5,False,incline_repeat|speed_workout,preference,6,False,4,6,midday,marathon,241.5,intermediate
47-F-HS-04,47,F,HS,40-49,63,124.2,22.0,62,175,Tanaka,48.3,7.1,21.3,5.6,,,,,238.8,5.7,1,4,68,2,3,3,road,Caregiver role; trains when coverage available.,hr_strap,Achilles tendinopathy,cortisol-driven fatigue,Using marathon prep as a reason to protect recovery time.,False,oura_ring,50,25,25,1,1,False,,preference,8,False,3,5,morning,marathon,243.7,intermediate
41-F-SD-01,41,F,SD,40-49,66,125.8,20.3,77,179,Tanaka,40.5,2.3,8.4,2.3,30.8,65.0,142.4,,241.9,3.9,2,4,90,2,2,3,road,Parent of young children; trains in fragmented windows.,hr_strap,shin splints intermittent,recovery deficit,Marathon goal to reclaim personal identity.,False,whoop,50,25,25,3,1|3|5,False,incline_repeat|interval|speed_workout,preference,7,True,4,6,morning,marathon,263.4,intermediate
43-F-SD-02,43,F,SD,40-49,66,160.5,25.9,74,178,Tanaka,34.4,1.3,11.8,2.8,36.8,,,,335.8,4.3,1,2,66,2,2,3,road,Night shift nurse; trains post-shift before sleep.,hr_strap,,energy variability,Completing a marathon before next life stage.,False,,50,25,25,1,3,False,incline_repeat,preference,6,False,5,7,evening,marathon,332.4,novice
44-F-SD-03,44,F,SD,40-49,64,143.3,24.6,68,177,Tanaka,36.9,1.3,19.9,5.8,33.6,69.6,154.8,326.5,319.7,3.8,1,3,71,3,2,2,road,Startup employee; deprioritizes sleep for work.,watch,shin splints intermittent,sleep fragmentation,Running the marathon for a cause close to them.,False,,50,25,25,3,1|3|5,False,incline_repeat|interval|speed_workout,preference,7,True,4,7,midday,marathon,315.1,novice
47-F-SD-04,47,F,SD,40-49,63,118.0,20.9,77,175,Tanaka,40.1,4.8,15.8,3.7,,,,,273.7,4.7,1,4,97,2,3,3,road,Graduate student; stays up late writing.,hr_strap,hip flexor tightness,sleep fragmentation,First marathon as a symbol of resilience.,False,oura_ring,50,25,25,3,1|5|7,False,incline_repeat|interval|speed_workout,preference,6,False,5,5,morning,marathon,257.0,intermediate
41-M-PA-01,41,M,PA,40-49,71,144.1,20.1,47,179,Tanaka,58.1,11.8,36.2,10.5,20.0,41.6,90.5,189.4,173.5,7.2,3,1,84,5,3,4,trail,Full-time professional; trains 6am before work.,watch,IT band tightness managed,competition anxiety,Training to qualify for Boston Marathon.,False,apple_healthkit,58,25,17,1,7,True,,preference,8,False,5,7,morning,marathon,199.0,advanced
42-M-PA-02,42,M,PA,40-49,68,136.8,20.8,50,179,Tanaka,67.4,3.7,36.3,9.1,17.0,35.6,78.1,167.5,244.3,7.2,4,1,63,5,3,3,trail,Graduate student with flexible morning schedule.,hr_strap,IT band tightness managed,occasional overtraining risk,First marathon after several half marathons.,False,whoop,55,25,20,2,3|5,False,,preference,7,False,6,7,morning,marathon,221.6,intermediate
44-M-PA-03,44,M,PA,40-49,68,140.7,21.4,56,177,Tanaka,63.1,7.3,34.4,8.1,17.3,36.7,82.0,167.3,195.5,7.6,4,2,83,5,3,4,trail,Remote worker; trains midday.,watch,,competition anxiety,Chasing a personal best at the city marathon.,False,apple_healthkit,55,25,20,1,3,True,strength_train,preference,7,False,5,7,midday,marathon,187.4,advanced
46-M-PA-04,46,M,PA,40-49,72,162.2,22.0,52,176,Tanaka,65.6,6.8,45.4,13.1,17.0,36.2,78.2,,189.0,8.2,5,3,69,5,3,3,road,Teacher; trains immediately after school.,watch,,competition anxiety,Supporting a charity through marathon fundraising.,False,garmin_connect,55,25,20,1,7,False,cross_train,preference,8,False,7,7,morning,marathon,202.3,advanced
40-M-UW-01,40,M,UW,40-49,70,116.4,16.7,68,180,Tanaka,49.6,5.3,27.3,8.0,25.9,,,,215.5,6.7,2,2,96,4,3,2,road,Works irregular hours; trains when energy allows.,hr_strap,mild anemia treated,nutrition deficit risk,Marathon is a strength-building milestone.,False,,50,23,27,2,5|7,False,incline_repeat|interval|speed_workout,medical,7,True,6,7,morning,marathon,225.2,intermediate
43-M-UW-02,43,M,UW,40-49,70,117.1,16.8,68,178,Tanaka,43.5,5.4,24.6,5.9,,,,,244.8,6.5,3,3,77,4,5,2,road,Freelancer; trains midday most days.,watch,,nutrition deficit risk,Completing a marathon to prove endurance capacity.,False,oura_ring,50,22,28,2,5|7,False,incline_repeat|interval|speed_workout,medical,7,True,6,6,morning,marathon,233.3,intermediate
45-M-UW-03,45,M,UW,40-49,72,134.2,18.2,72,176,Tanaka,53.4,5.1,27.2,6.3,22.6,,,,227.4,7.8,2,2,72,2,3,2,mixed,College student; trains between classes.,watch,,low energy availability risk,Training with a nutrition coach toward first marathon.,False,oura_ring,50,20,30,2,3|5,False,incline_repeat|interval|speed_workout,medical,8,True,5,6,morning,marathon,220.9,intermediate
47-M-UW-04,47,M,UW,40-49,69,119.2,17.6,61,175,Tanaka,54.5,3.4,27.7,6.9,,,,,248.5,6.6,2,3,63,4,3,2,road,Part-time worker; trains mornings.,none,mild anemia treated,bone stress risk,Building aerobic base before marathon attempt.,False,garmin_connect,50,20,30,2,1|5,False,incline_repeat|interval|speed_workout,medical,6,True,5,6,morning,marathon,225.2,intermediate
40-M-OW-01,40,M,OW,40-49,70,198.6,28.5,76,180,Tanaka,41.0,3.7,17.6,5.1,31.2,65.0,,,249.1,6.9,2,4,83,3,3,2,road,Desk job; walks at lunch and runs evenings.,watch,plantar fasciitis managed,pacing consistency,Marathon goal set with physician as health milestone.,False,oura_ring,50,25,25,3,3|5|7,False,incline_repeat|interval|speed_workout,medical,5,True,3,7,morning,marathon,247.0,intermediate
43-M-OW-02,43,M,OW,40-49,71,224.4,31.3,71,178,Tanaka,41.1,3.4,27.0,6.5,30.9,,,,231.7,6.9,2,3,74,3,3,3,road,Physician-recommended exercise; trains mornings.,none,knee osteoarthritis mild,heat sensitivity,Completing a marathon for weight management.,False,,50,25,25,2,1|7,False,incline_repeat|interval|speed_workout,medical,7,True,4,7,midday,marathon,242.9,intermediate
44-M-OW-03,44,M,OW,40-49,68,218.4,33.2,69,177,Tanaka,34.1,1.5,25.3,6.4,,,,,310.5,6.7,2,3,63,2,3,2,road,Family commitments; trains early before household wakes.,none,lower back pain ongoing,heat sensitivity,First marathon to prove ability after weight loss journey.,False,google_health_connect,50,25,25,3,1|5|7,False,incline_repeat|interval|speed_workout,medical,5,True,4,6,midday,marathon,306.8,novice
47-M-OW-04,47,M,OW,40-49,72,205.7,27.9,72,175,Tanaka,41.9,2.7,22.2,5.2,29.2,,,,240.4,6.3,2,3,65,2,3,3,road,Shift worker; trains on days off.,hr_strap,plantar fasciitis managed,joint load management,Running the marathon with a family member.,False,google_health_connect,50,25,25,2,3|5,False,incline_repeat|interval|speed_workout,medical,6,True,3,6,midday,marathon,225.7,intermediate
40-M-HS-01,40,M,HS,40-49,67,157.7,24.7,69,180,Tanaka,50.7,4.1,18.9,4.7,,,,,238.5,5.9,2,5,93,4,4,3,mixed,Demanding professional role; runs at lunch.,hr_strap,Achilles tendinopathy,schedule disruption,Marathon is a stress management anchor.,False,whoop,50,25,25,2,1|3,True,speed_workout,preference,8,False,3,5,morning,marathon,241.8,intermediate
42-M-HS-02,42,M,HS,40-49,66,133.8,21.6,80,179,Tanaka,48.1,2.7,27.7,7.8,,,,,230.0,6.4,3,4,66,4,2,2,road,Business owner; trains before 6am.,watch,Achilles tendinopathy,cortisol-driven fatigue,Running keeps them grounded during a high-demand period.,False,garmin_connect,50,25,25,3,1|3|5,False,interval,preference,5,False,4,6,midday,marathon,223.0,intermediate
45-M-HS-03,45,M,HS,40-49,71,177.1,24.7,66,176,Tanaka,46.9,7.4,24.7,6.7,28.0,,,,226.3,6.7,3,4,82,4,3,3,road,New parent; trains during nap windows.,watch,Achilles tendinopathy,cortisol-driven fatigue,Marathon training structured around demanding career.,False,oura_ring,50,25,25,3,1|3|7,False,incline_repeat|speed_workout,preference,5,False,3,7,midday,marathon,234.8,intermediate
46-M-HS-04,46,M,HS,40-49,66,159.8,25.8,65,176,Tanaka,53.7,5.9,23.9,7.1,,,,,180.6,6.8,2,5,80,3,4,2,road,Caregiver role; trains when coverage available.,watch,plantar fasciitis managed,emotional stress load,Using marathon prep as a reason to protect recovery time.,False,whoop,50,25,25,3,3|5|7,True,,preference,7,False,5,5,morning,marathon,199.4,advanced
40-M-SD-01,40,M,SD,40-49,69,140.2,20.7,78,180,Tanaka,38.8,2.2,22.2,6.3,33.7,,,,241.0,3.6,1,2,86,3,3,2,road,Parent of young children; trains in fragmented windows.,none,shin splints intermittent,recovery deficit,Marathon goal to reclaim personal identity.,False,,50,25,25,3,3|5|7,False,interval|speed_workout,preference,6,False,4,5,midday,marathon,227.8,intermediate
43-M-SD-02,43,M,SD,40-49,72,148.2,20.1,80,178,Tanaka,45.7,3.1,18.8,5.6,27.5,,,,241.8,3.6,1,3,82,3,2,2,road,Night shift nurse; trains post-shift before sleep.,watch,hip flexor tightness,energy variability,Completing a marathon before next life stage.,False,oura_ring,50,25,25,2,1|3,False,incline_repeat|interval|speed_workout,preference,6,True,3,6,evening,marathon,221.5,intermediate
44-M-SD-03,44,M,SD,40-49,69,159.8,23.6,76,177,Tanaka,46.4,0.9,17.3,4.6,27.5,,,,278.5,4.6,1,2,85,3,2,2,road,Startup employee; deprioritizes sleep for work.,watch,hip flexor tightness,energy variability,Running the marathon for a cause close to them.,False,,50,25,25,3,3|5|7,False,incline_repeat|interval|speed_workout,preference,6,True,3,5,evening,marathon,290.0,novice
47-M-SD-04,47,M,SD,40-49,68,162.4,24.7,78,175,Tanaka,36.6,3.9,14.7,3.6,35.8,,,,308.2,4.6,1,2,91,2,3,2,road,Graduate student; stays up late writing.,watch,shin splints intermittent,sleep fragmentation,First marathon as a symbol of resilience.,False,oura_ring,50,25,25,2,3|7,False,incline_repeat|interval|speed_workout,preference,5,True,5,6,midday,marathon,302.7,novice
50-F-PA-01,50,F,PA,50-59,66,146.8,23.7,48,173,Tanaka,56.0,7.1,44.5,13.2,20.8,44.3,,,195.4,7.7,5,1,97,3,3,4,mixed,Full-time professional; trains 6am before work.,hr_strap,mild shin splints resolved,occasional overtraining risk,Training to qualify for Boston Marathon.,False,whoop,55,25,20,2,5|7,True,,preference,8,False,6,7,morning,marathon,224.1,advanced
53-F-PA-02,53,F,PA,50-59,63,130.4,23.1,53,171,Tanaka,53.8,11.0,40.8,11.7,21.8,44.9,101.6,,211.9,8.4,3,3,71,4,5,3,trail,Graduate student with flexible morning schedule.,hr_strap,IT band tightness managed,occasional overtraining risk,First marathon after several half marathons.,False,apple_healthkit,60,25,15,2,3|5,True,,preference,7,False,5,7,morning,marathon,196.6,advanced
54-F-PA-03,54,F,PA,50-59,63,115.2,20.4,51,170,Tanaka,54.9,4.3,29.6,8.4,21.7,45.4,100.2,209.7,243.2,7.6,5,3,78,3,4,4,trail,Remote worker; trains midday.,hr_strap,IT band tightness managed,high travel frequency,Chasing a personal best at the city marathon.,False,apple_healthkit,60,25,15,1,5,False,strength_train,preference,10,False,5,7,midday,marathon,256.4,intermediate
56-F-PA-04,56,F,PA,50-59,63,129.8,23.0,51,169,Tanaka,51.8,11.9,29.9,8.9,22.6,46.6,106.1,216.5,219.4,8.4,3,1,80,3,5,5,mixed,Teacher; trains immediately after school.,watch,IT band tightness managed,occasional overtraining risk,Supporting a charity through marathon fundraising.,False,apple_healthkit,60,25,15,2,1|5,False,cross_train,preference,8,False,5,6,midday,marathon,199.8,advanced
51-F-UW-01,51,F,UW,50-59,63,94.3,16.7,63,172,Tanaka,42.0,2.7,20.1,6.0,30.5,,,,259.7,7.5,2,4,82,1,5,4,road,Works irregular hours; trains when energy allows.,watch,mild anemia treated,nutrition deficit risk,Marathon is a strength-building milestone.,False,,50,22,28,1,7,False,incline_repeat|interval|speed_workout,medical,7,True,6,7,morning,marathon,267.3,intermediate
53-F-UW-02,53,F,UW,50-59,66,109.7,17.7,71,171,Tanaka,39.8,2.5,25.1,6.2,,,,,238.3,7.7,4,2,100,1,5,4,road,Freelancer; trains midday most days.,none,stress fracture history managed,low energy availability risk,Completing a marathon to prove endurance capacity.,False,apple_healthkit,50,20,30,2,1|5,False,incline_repeat|interval|speed_workout,medical,8,True,4,6,midday,marathon,261.5,intermediate
54-F-UW-03,54,F,UW,50-59,62,91.3,16.7,62,170,Tanaka,43.5,3.8,24.0,5.7,29.2,59.9,,,245.3,7.3,4,4,99,3,5,2,road,College student; trains between classes.,hr_strap,stress fracture history managed,nutrition deficit risk,Training with a nutrition coach toward first marathon.,False,,50,20,30,2,1|3,False,incline_repeat|interval|speed_workout,medical,7,True,5,7,morning,marathon,240.9,intermediate
56-F-UW-04,56,F,UW,50-59,63,99.9,17.7,69,169,Tanaka,43.6,5.2,20.1,5.4,,,,,246.9,7.8,4,3,60,3,3,2,road,Part-time worker; trains mornings.,watch,,nutrition deficit risk,Building aerobic base before marathon attempt.,False,,50,23,27,1,5,False,incline_repeat|interval|speed_workout,medical,6,True,6,7,morning,marathon,252.4,intermediate
50-F-OW-01,50,F,OW,50-59,63,158.1,28.0,77,173,Tanaka,33.7,1.4,12.4,3.5,,,,,334.1,7.5,3,4,95,1,3,2,road,Desk job; walks at lunch and runs evenings.,watch,lower back pain ongoing,pacing consistency,Marathon goal set with physician as health milestone.,False,apple_healthkit,50,25,25,3,1|3|5,False,incline_repeat|interval|speed_workout,medical,7,True,5,5,morning,marathon,313.6,novice
52-F-OW-02,52,F,OW,50-59,64,191.7,32.9,75,172,Tanaka,28.3,3.3,14.0,3.7,39.8,,,,322.6,6.0,2,2,87,2,3,2,road,Physician-recommended exercise; trains mornings.,hr_strap,plantar fasciitis managed,heat sensitivity,Completing a marathon for weight management.,False,google_health_connect,50,25,25,3,1|5|7,False,incline_repeat|interval|speed_workout,medical,5,True,5,7,morning,marathon,330.3,novice
54-F-OW-03,54,F,OW,50-59,63,185.2,32.8,72,170,Tanaka,32.3,3.3,19.5,5.7,,,,,334.0,6.9,4,2,62,2,3,2,road,Family commitments; trains early before household wakes.,hr_strap,lower back pain ongoing,pacing consistency,First marathon to prove ability after weight loss journey.,False,apple_healthkit,50,25,25,3,1|3|7,False,incline_repeat|interval|speed_workout,medical,6,True,4,7,morning,marathon,324.9,novice
56-F-OW-04,56,F,OW,50-59,63,180.1,31.9,75,169,Tanaka,24.2,3.0,17.4,5.0,,,,,305.8,6.1,3,2,64,2,3,2,road,Shift worker; trains on days off.,none,lower back pain ongoing,heat sensitivity,Running the marathon with a family member.,False,apple_healthkit,50,25,25,3,1|3|7,False,incline_repeat|interval|speed_workout,medical,5,True,5,6,morning,marathon,326.1,novice
51-F-HS-01,51,F,HS,50-59,64,153.2,26.3,81,172,Tanaka,39.6,3.0,22.8,5.7,33.3,70.2,,,261.1,6.0,2,5,90,3,2,4,road,Demanding professional role; runs at lunch.,watch,plantar fasciitis managed,cortisol-driven fatigue,Marathon is a stress management anchor.,False,whoop,50,25,25,3,1|5|7,False,speed_workout,preference,7,False,5,7,morning,marathon,259.8,intermediate
53-F-HS-02,53,F,HS,50-59,62,142.7,26.1,78,171,Tanaka,41.5,4.9,21.9,6.0,30.2,62.3,,,251.4,6.8,1,4,70,2,2,4,mixed,Business owner; trains before 6am.,hr_strap,neck tension from stress,cortisol-driven fatigue,Running keeps them grounded during a high-demand period.,False,oura_ring,50,25,25,3,1|5|7,True,interval,preference,8,False,4,5,morning,marathon,264.9,intermediate
54-F-HS-03,54,F,HS,50-59,63,146.8,26.0,79,170,Tanaka,35.7,6.3,18.1,4.6,34.2,70.7,,,323.6,6.3,2,4,98,1,2,3,road,New parent; trains during nap windows.,hr_strap,plantar fasciitis managed,cortisol-driven fatigue,Marathon training structured around demanding career.,False,oura_ring,50,25,25,2,3|5,True,incline_repeat|speed_workout,preference,5,False,5,7,morning,marathon,320.7,novice
57-F-HS-04,57,F,HS,50-59,66,164.8,26.6,76,168,Tanaka,35.2,6.8,24.8,6.2,,,,,323.6,6.5,1,5,68,2,3,2,road,Caregiver role; trains when coverage available.,watch,neck tension from stress,schedule disruption,Using marathon prep as a reason to protect recovery time.,False,oura_ring,50,25,25,2,1|3,True,,preference,5,False,5,7,morning,marathon,320.6,novice
51-F-SD-01,51,F,SD,50-59,64,141.6,24.3,78,172,Tanaka,31.1,1.2,15.8,3.8,38.0,79.6,,,334.2,4.1,2,2,83,2,3,3,road,Parent of young children; trains in fragmented windows.,watch,hip flexor tightness,sleep fragmentation,Marathon goal to reclaim personal identity.,False,whoop,50,25,25,3,1|5|7,False,interval|speed_workout,preference,7,False,3,5,midday,marathon,320.3,novice
53-F-SD-02,53,F,SD,50-59,66,156.1,25.2,66,171,Tanaka,28.3,4.8,8.1,1.8,41.5,85.9,188.1,,305.8,5.0,2,4,98,1,2,3,road,Night shift nurse; trains post-shift before sleep.,hr_strap,hip flexor tightness,recovery deficit,Completing a marathon before next life stage.,False,oura_ring,50,25,25,2,1|3,False,incline_repeat|interval|speed_workout,preference,7,True,5,7,midday,marathon,323.5,novice
54-F-SD-03,54,F,SD,50-59,62,121.9,22.3,70,170,Tanaka,27.2,1.7,12.8,3.5,40.1,,,,316.2,4.9,2,4,95,2,3,3,road,Startup employee; deprioritizes sleep for work.,watch,,energy variability,Running the marathon for a cause close to them.,False,oura_ring,50,25,25,3,1|3|7,False,speed_workout,preference,5,False,5,5,morning,marathon,313.8,novice
56-F-SD-04,56,F,SD,50-59,64,146.8,25.2,73,169,Tanaka,35.7,4.8,14.8,4.2,36.4,,,,330.3,4.4,1,3,67,2,2,3,road,Graduate student; stays up late writing.,watch,shin splints intermittent,energy variability,First marathon as a symbol of resilience.,False,,50,25,25,2,5|7,False,incline_repeat|interval|speed_workout,preference,7,False,4,5,evening,marathon,307.8,novice
51-M-PA-01,51,M,PA,50-59,67,126.4,19.8,54,172,Tanaka,56.1,5.0,46.3,10.9,22.0,45.4,99.8,214.3,199.8,8.3,4,1,66,3,5,5,trail,Full-time professional; trains 6am before work.,hr_strap,IT band tightness managed,high travel frequency,Training to qualify for Boston Marathon.,False,garmin_connect,55,25,20,2,5|7,False,,preference,9,False,6,6,midday,marathon,183.4,advanced
52-M-PA-02,52,M,PA,50-59,67,146.2,22.9,47,172,Tanaka,58.8,6.8,55.5,12.4,19.9,40.7,90.5,192.6,183.9,7.6,3,2,83,4,3,5,trail,Graduate student with flexible morning schedule.,watch,mild shin splints resolved,occasional overtraining risk,First marathon after several half marathons.,False,apple_healthkit,60,25,15,2,1|5,True,,preference,8,False,6,7,morning,marathon,200.6,advanced
55-M-PA-03,55,M,PA,50-59,70,149.8,21.5,49,170,Tanaka,64.7,9.2,52.4,14.5,17.0,36.0,78.0,162.3,202.2,7.2,5,3,94,4,4,4,trail,Remote worker; trains midday.,hr_strap,,competition anxiety,Chasing a personal best at the city marathon.,False,whoop,60,25,15,1,3,False,strength_train,preference,9,False,6,6,morning,marathon,197.3,advanced
57-M-PA-04,57,M,PA,50-59,70,147.1,21.1,55,168,Tanaka,64.1,5.3,32.5,7.5,17.0,35.7,79.9,164.8,204.7,7.7,5,2,65,4,4,5,road,Teacher; trains immediately after school.,watch,mild shin splints resolved,competition anxiety,Supporting a charity through marathon fundraising.,False,,58,25,17,2,1|7,False,cross_train,preference,8,False,6,7,midday,marathon,183.7,advanced
51-M-UW-01,51,M,UW,50-59,69,121.2,17.9,65,172,Tanaka,50.7,4.9,33.1,9.3,24.4,,,,235.8,6.7,2,4,76,3,5,2,road,Works irregular hours; trains when energy allows.,watch,stress fracture history managed,low energy availability risk,Marathon is a strength-building milestone.,False,apple_healthkit,50,23,27,1,7,False,incline_repeat|interval|speed_workout,medical,8,True,4,6,midday,marathon,235.7,intermediate
52-M-UW-02,52,M,UW,50-59,70,116.4,16.7,61,172,Tanaka,41.0,5.7,25.5,6.1,31.1,64.1,142.2,,244.5,7.8,3,4,77,2,3,4,road,Freelancer; trains midday most days.,none,mild anemia treated,bone stress risk,Completing a marathon to prove endurance capacity.,False,,50,23,27,2,3|5,False,incline_repeat|interval|speed_workout,medical,7,True,6,6,morning,marathon,233.3,intermediate
55-M-UW-03,55,M,UW,50-59,67,111.1,17.4,66,170,Tanaka,40.1,3.6,30.6,7.1,32.0,67.2,148.8,,226.5,7.4,2,4,83,2,5,3,mixed,College student; trains between classes.,watch,,bone stress risk,Training with a nutrition coach toward first marathon.,False,garmin_connect,50,20,30,2,1|7,False,incline_repeat|interval|speed_workout,medical,7,True,4,7,morning,marathon,227.2,intermediate
57-M-UW-04,57,M,UW,50-59,71,123.3,17.2,65,168,Tanaka,45.0,5.3,22.6,5.5,28.9,59.7,130.3,,240.5,6.8,2,3,77,3,4,4,road,Part-time worker; trains mornings.,watch,stress fracture history managed,low energy availability risk,Building aerobic base before marathon attempt.,False,apple_healthkit,50,20,30,2,3|7,False,incline_repeat|interval|speed_workout,medical,7,True,5,7,midday,marathon,233.9,intermediate
50-M-OW-01,50,M,OW,50-59,72,214.6,29.1,80,173,Tanaka,41.3,0.8,24.1,5.4,,,,,293.8,7.2,2,2,75,2,3,2,road,Desk job; walks at lunch and runs evenings.,watch,lower back pain ongoing,joint load management,Marathon goal set with physician as health milestone.,False,google_health_connect,50,25,25,2,3|7,False,incline_repeat|interval|speed_workout,medical,7,True,4,6,morning,marathon,298.9,novice
52-M-OW-02,52,M,OW,50-59,70,221.6,31.8,76,172,Tanaka,29.7,2.7,17.9,4.5,,,,,277.1,6.4,3,3,60,1,3,2,road,Physician-recommended exercise; trains mornings.,watch,knee osteoarthritis mild,pacing consistency,Completing a marathon for weight management.,False,apple_healthkit,50,25,25,3,1|3|7,False,incline_repeat|interval|speed_workout,medical,5,True,3,6,morning,marathon,300.6,novice
55-M-OW-03,55,M,OW,50-59,72,244.1,33.1,78,170,Tanaka,28.8,2.1,16.0,4.2,39.8,,,,279.3,7.0,3,3,72,1,3,3,road,Family commitments; trains early before household wakes.,hr_strap,plantar fasciitis managed,pacing consistency,First marathon to prove ability after weight loss journey.,False,apple_healthkit,50,25,25,3,3|5|7,False,incline_repeat|interval|speed_workout,medical,5,True,5,5,midday,marathon,290.4,novice
57-M-OW-04,57,M,OW,50-59,72,212.4,28.8,77,168,Tanaka,40.8,3.0,14.9,3.5,30.7,64.3,,,226.8,6.3,2,4,83,1,3,2,road,Shift worker; trains on days off.,watch,lower back pain ongoing,heat sensitivity,Running the marathon with a family member.,False,,50,25,25,2,3|5,False,incline_repeat|interval|speed_workout,medical,6,True,5,6,morning,marathon,222.9,intermediate
50-M-HS-01,50,M,HS,50-59,67,129.6,20.3,68,173,Tanaka,50.2,3.2,24.3,5.5,25.9,54.4,118.4,,237.8,5.6,1,5,65,2,4,2,mixed,Demanding professional role; runs at lunch.,hr_strap,Achilles tendinopathy,schedule disruption,Marathon is a stress management anchor.,False,,50,25,25,3,1|3|5,True,speed_workout,preference,5,False,4,5,morning,marathon,248.8,intermediate
52-M-HS-02,52,M,HS,50-59,67,132.8,20.8,80,172,Tanaka,43.4,3.2,26.9,7.1,29.8,,,,252.9,6.6,3,5,89,3,4,3,road,Business owner; trains before 6am.,watch,neck tension from stress,schedule disruption,Running keeps them grounded during a high-demand period.,False,whoop,50,25,25,3,1|5|7,True,interval,preference,8,False,4,6,midday,marathon,249.7,intermediate
55-M-HS-03,55,M,HS,50-59,69,178.1,26.3,76,170,Tanaka,49.6,3.9,20.6,5.4,,,,,230.0,6.0,2,5,85,1,4,2,mixed,New parent; trains during nap windows.,hr_strap,neck tension from stress,cortisol-driven fatigue,Marathon training structured around demanding career.,False,whoop,50,25,25,2,1|3,True,incline_repeat|speed_workout,preference,6,False,4,5,midday,marathon,244.7,intermediate
56-M-HS-04,56,M,HS,50-59,69,140.2,20.7,74,169,Tanaka,40.2,3.6,30.3,7.3,31.3,64.7,142.9,,225.2,6.2,3,4,98,3,3,2,mixed,Caregiver role; trains when coverage available.,watch,Achilles tendinopathy,schedule disruption,Using marathon prep as a reason to protect recovery time.,False,whoop,50,25,25,2,1|7,True,,preference,6,False,5,7,midday,marathon,247.9,intermediate
51-M-SD-01,51,M,SD,50-59,70,142.2,20.4,66,172,Tanaka,36.5,3.0,15.9,4.4,,,,,281.1,5.0,1,2,87,2,3,2,road,Parent of young children; trains in fragmented windows.,none,,recovery deficit,Marathon goal to reclaim personal identity.,False,oura_ring,50,25,25,3,1|3|5,False,interval|speed_workout,preference,6,False,5,6,morning,marathon,283.9,novice
52-M-SD-02,52,M,SD,50-59,67,147.5,23.1,80,172,Tanaka,37.5,3.1,18.7,5.6,33.0,69.2,,,296.0,3.7,2,3,83,2,2,3,road,Night shift nurse; trains post-shift before sleep.,watch,shin splints intermittent,energy variability,Completing a marathon before next life stage.,False,,50,25,25,1,5,False,incline_repeat|interval|speed_workout,preference,6,True,5,5,evening,marathon,281.3,novice
54-M-SD-03,54,M,SD,50-59,68,140.1,21.3,69,170,Tanaka,42.6,4.3,13.3,3.0,,,,,253.0,4.7,1,3,67,2,3,3,road,Startup employee; deprioritizes sleep for work.,none,hip flexor tightness,recovery deficit,Running the marathon for a cause close to them.,False,oura_ring,50,25,25,1,3,False,speed_workout,preference,6,False,5,6,morning,marathon,241.9,intermediate
56-M-SD-04,56,M,SD,50-59,71,175.7,24.5,65,169,Tanaka,37.3,4.6,18.3,4.4,,,,,277.4,3.9,2,4,60,1,3,3,road,Graduate student; stays up late writing.,hr_strap,,recovery deficit,First marathon as a symbol of resilience.,False,oura_ring,50,25,25,2,3|7,False,incline_repeat|interval|speed_workout,preference,7,False,3,6,evening,marathon,306.0,novice
60-F-PA-01,60,F,PA,60-69,66,125.8,20.3,56,166,Tanaka,50.3,9.4,29.0,8.5,24.8,52.1,112.9,,202.2,8.5,4,1,100,4,3,5,trail,Full-time professional; trains 6am before work.,watch,mild shin splints resolved,competition anxiety,Training to qualify for Boston Marathon.,False,garmin_connect,58,25,17,1,1,True,,preference,8,False,6,6,midday,marathon,199.6,advanced
63-F-PA-02,63,F,PA,60-69,64,137.5,23.6,56,164,Tanaka,50.0,4.9,31.5,8.3,26.1,54.4,123.1,,267.0,7.2,5,1,80,3,3,4,road,Graduate student with flexible morning schedule.,hr_strap,mild shin splints resolved,competition anxiety,First marathon after several half marathons.,False,garmin_connect,55,25,20,2,3|5,True,,preference,9,False,5,6,morning,marathon,243.9,intermediate
64-F-PA-03,64,F,PA,60-69,66,141.9,22.9,58,163,Tanaka,46.5,8.1,33.8,8.1,27.0,56.3,125.5,262.5,262.5,7.7,3,1,72,3,4,3,trail,Remote worker; trains midday.,watch,IT band tightness managed,occasional overtraining risk,Chasing a personal best at the city marathon.,False,garmin_connect,55,25,20,1,3,False,strength_train,preference,10,False,7,7,midday,marathon,249.7,intermediate
67-F-PA-04,67,F,PA,60-69,65,141.2,23.5,55,161,Tanaka,53.1,8.5,48.6,13.5,24.1,50.5,108.1,230.8,205.8,8.3,3,3,94,3,5,4,mixed,Teacher; trains immediately after school.,hr_strap,,competition anxiety,Supporting a charity through marathon fundraising.,False,garmin_connect,58,25,17,2,3|7,True,cross_train,preference,9,False,6,6,morning,marathon,203.8,advanced
60-F-UW-01,60,F,UW,60-69,63,102.2,18.1,73,166,Tanaka,41.0,3.3,26.1,6.0,32.6,67.8,,,266.1,6.8,4,4,72,1,4,3,road,Works irregular hours; trains when energy allows.,none,stress fracture history managed,low energy availability risk,Marathon is a strength-building milestone.,False,,50,22,28,1,7,False,incline_repeat|interval|speed_workout,medical,8,True,5,6,morning,marathon,261.2,intermediate
62-F-UW-02,62,F,UW,60-69,65,104.6,17.4,60,165,Tanaka,40.2,5.6,23.9,6.5,33.0,,,,241.0,7.1,3,4,88,3,3,2,road,Freelancer; trains midday most days.,watch,,nutrition deficit risk,Completing a marathon to prove endurance capacity.,False,apple_healthkit,50,22,28,1,7,False,incline_repeat|interval|speed_workout,medical,7,True,5,6,morning,marathon,266.5,intermediate
64-F-UW-03,64,F,UW,60-69,65,102.2,17.0,73,163,Tanaka,35.9,1.4,24.4,5.8,35.2,,,,321.9,6.6,2,2,82,1,3,4,mixed,College student; trains between classes.,hr_strap,stress fracture history managed,low energy availability risk,Training with a nutrition coach toward first marathon.,False,apple_healthkit,50,20,30,2,1|3,False,incline_repeat|interval|speed_workout,medical,8,True,5,6,midday,marathon,327.5,novice
67-F-UW-04,67,F,UW,60-69,62,101.7,18.6,68,161,Tanaka,34.9,5.5,27.5,7.7,34.3,72.2,157.3,326.1,333.7,6.6,4,4,100,1,4,4,mixed,Part-time worker; trains mornings.,hr_strap,mild anemia treated,nutrition deficit risk,Building aerobic base before marathon attempt.,False,,50,23,27,2,3|5,False,incline_repeat|interval|speed_workout,medical,8,True,5,7,midday,marathon,329.2,novice
60-F-OW-01,60,F,OW,60-69,63,178.4,31.6,70,166,Tanaka,20.7,2.6,20.4,5.7,45.9,95.4,,,308.3,6.3,4,2,78,2,2,3,road,Desk job; walks at lunch and runs evenings.,none,plantar fasciitis managed,joint load management,Marathon goal set with physician as health milestone.,False,,50,25,25,2,3|5,False,incline_repeat|interval|speed_workout,medical,6,True,5,7,midday,marathon,333.8,novice
62-F-OW-02,62,F,OW,60-69,64,164.9,28.3,80,165,Tanaka,25.7,2.6,10.5,2.4,,,,,306.2,7.3,3,3,63,2,3,2,road,Physician-recommended exercise; trains mornings.,none,plantar fasciitis managed,heat sensitivity,Completing a marathon for weight management.,False,,50,25,25,2,3|7,False,incline_repeat|interval|speed_workout,medical,5,True,4,6,midday,marathon,321.0,novice
64-F-OW-03,64,F,OW,60-69,65,184.5,30.7,72,163,Tanaka,27.3,4.4,19.8,5.5,39.5,,,,312.6,6.4,3,3,73,2,2,2,road,Family commitments; trains early before household wakes.,watch,knee osteoarthritis mild,heat sensitivity,First marathon to prove ability after weight loss journey.,False,apple_healthkit,50,25,25,2,5|7,False,incline_repeat|interval|speed_workout,medical,5,True,3,6,evening,marathon,327.0,novice
67-F-OW-04,67,F,OW,60-69,63,180.6,32.0,82,161,Tanaka,31.2,4.2,22.2,6.1,38.8,,,,305.3,6.8,2,3,62,1,3,3,road,Shift worker; trains on days off.,watch,lower back pain ongoing,pacing consistency,Running the marathon with a family member.,False,,50,25,25,3,1|3|5,False,incline_repeat|interval|speed_workout,medical,7,True,3,6,morning,marathon,310.8,novice
61-F-HS-01,61,F,HS,60-69,65,144.2,24.0,68,165,Tanaka,32.8,2.9,14.7,4.4,35.8,74.1,,,322.4,6.7,3,4,70,1,3,4,mixed,Demanding professional role; runs at lunch.,hr_strap,plantar fasciitis managed,cortisol-driven fatigue,Marathon is a stress management anchor.,False,garmin_connect,50,25,25,1,7,True,speed_workout,preference,5,False,3,6,morning,marathon,307.6,novice
63-F-HS-02,63,F,HS,60-69,66,132.0,21.3,79,164,Tanaka,37.6,3.9,25.3,7.0,,,,,326.8,6.6,2,4,65,3,3,2,mixed,Business owner; trains before 6am.,watch,neck tension from stress,emotional stress load,Running keeps them grounded during a high-demand period.,False,,50,25,25,2,1|7,True,interval,preference,6,False,5,6,morning,marathon,316.8,novice
65-F-HS-03,65,F,HS,60-69,64,150.9,25.9,79,162,Tanaka,35.8,2.4,14.7,3.8,34.3,71.5,,,333.8,6.6,1,5,95,3,2,3,mixed,New parent; trains during nap windows.,watch,Achilles tendinopathy,cortisol-driven fatigue,Marathon training structured around demanding career.,False,oura_ring,50,25,25,3,1|3|5,True,incline_repeat|speed_workout,preference,8,False,3,6,morning,marathon,329.4,novice
67-F-HS-04,67,F,HS,60-69,65,155.6,25.9,75,161,Tanaka,36.6,3.4,22.9,5.2,34.6,72.0,,,337.2,6.7,1,5,85,1,4,2,mixed,Caregiver role; trains when coverage available.,watch,neck tension from stress,emotional stress load,Using marathon prep as a reason to protect recovery time.,False,garmin_connect,50,25,25,1,1,False,,preference,6,False,5,7,morning,marathon,327.7,novice
60-F-SD-01,60,F,SD,60-69,64,133.4,22.9,79,166,Tanaka,31.6,2.5,10.5,3.0,,,,,312.0,4.9,2,4,82,1,2,3,road,Parent of young children; trains in fragmented windows.,none,,recovery deficit,Marathon goal to reclaim personal identity.,False,oura_ring,50,25,25,1,1,False,incline_repeat|interval|speed_workout,preference,6,True,3,6,midday,marathon,312.1,novice
63-F-SD-02,63,F,SD,60-69,65,144.8,24.1,79,164,Tanaka,28.3,3.0,15.9,4.1,,,,,307.5,4.8,1,3,68,1,2,2,road,Night shift nurse; trains post-shift before sleep.,hr_strap,,recovery deficit,Completing a marathon before next life stage.,False,,50,25,25,2,1|3,False,incline_repeat,preference,6,False,4,7,morning,marathon,332.9,novice
64-F-SD-03,64,F,SD,60-69,65,138.2,23.0,81,163,Tanaka,28.4,1.5,13.1,2.9,,,,,319.9,3.9,2,2,62,2,3,2,road,Startup employee; deprioritizes sleep for work.,watch,shin splints intermittent,recovery deficit,Running the marathon for a cause close to them.,False,oura_ring,50,25,25,3,1|3|5,False,speed_workout,preference,7,False,3,5,evening,marathon,323.9,novice
66-F-SD-04,66,F,SD,60-69,66,151.2,24.4,76,162,Tanaka,31.6,4.6,14.4,3.2,,,,,318.2,4.0,2,3,78,1,2,3,road,Graduate student; stays up late writing.,hr_strap,,recovery deficit,First marathon as a symbol of resilience.,False,,50,25,25,1,1,False,incline_repeat|interval|speed_workout,preference,6,True,5,7,midday,marathon,313.6,novice
60-M-PA-01,60,M,PA,60-69,66,124.5,20.1,61,166,Tanaka,52.6,4.2,39.0,11.3,22.0,45.2,103.0,213.0,215.6,7.7,5,1,81,3,5,3,trail,Full-time professional; trains 6am before work.,watch,,occasional overtraining risk,Training to qualify for Boston Marathon.,False,apple_healthkit,55,25,20,2,1|3,True,,preference,9,False,5,7,morning,marathon,221.6,intermediate
63-M-PA-02,63,M,PA,60-69,68,140.1,21.3,56,164,Tanaka,58.7,9.8,45.3,11.3,18.8,38.2,,,198.2,7.7,5,2,93,3,3,5,mixed,Graduate student with flexible morning schedule.,watch,IT band tightness managed,occasional overtraining risk,First marathon after several half marathons.,False,apple_healthkit,60,25,15,2,3|5,False,,preference,7,False,6,7,morning,marathon,198.2,advanced
64-M-PA-03,64,M,PA,60-69,70,158.9,22.8,61,163,Tanaka,51.5,6.0,49.3,11.6,24.5,50.3,112.4,232.8,191.9,7.3,3,3,65,3,5,5,road,Remote worker; trains midday.,hr_strap,,occasional overtraining risk,Chasing a personal best at the city marathon.,False,garmin_connect,55,25,20,1,7,True,strength_train,preference,8,False,5,6,morning,marathon,183.8,advanced
66-M-PA-04,66,M,PA,60-69,68,147.3,22.4,61,162,Tanaka,54.6,11.1,51.2,12.6,20.5,42.4,97.0,196.0,176.5,7.7,3,3,85,4,3,3,mixed,Teacher; trains immediately after school.,watch,IT band tightness managed,occasional overtraining risk,Supporting a charity through marathon fundraising.,False,garmin_connect,55,25,20,1,7,True,cross_train,preference,7,False,5,6,morning,marathon,192.1,advanced
61-M-UW-01,61,M,UW,60-69,66,113.4,18.3,74,165,Tanaka,38.8,4.2,33.1,9.0,,,,,225.7,7.4,4,4,91,2,4,4,road,Works irregular hours; trains when energy allows.,none,stress fracture history managed,nutrition deficit risk,Marathon is a strength-building milestone.,False,garmin_connect,50,22,28,2,1|5,False,incline_repeat|interval|speed_workout,medical,8,True,5,7,morning,marathon,229.1,intermediate
62-M-UW-02,62,M,UW,60-69,71,129.1,18.0,61,165,Tanaka,41.4,5.3,24.8,7.1,30.4,64.3,,,245.4,6.9,3,2,100,2,4,2,mixed,Freelancer; trains midday most days.,none,stress fracture history managed,low energy availability risk,Completing a marathon to prove endurance capacity.,False,garmin_connect,50,23,27,1,1,False,incline_repeat|interval|speed_workout,medical,8,True,6,6,midday,marathon,231.7,intermediate
65-M-UW-03,65,M,UW,60-69,72,129.8,17.6,73,162,Tanaka,48.6,1.1,24.7,6.1,25.7,,,,303.8,7.3,4,4,69,3,3,2,road,College student; trains between classes.,none,mild anemia treated,bone stress risk,Training with a nutrition coach toward first marathon.,False,garmin_connect,50,23,27,1,7,False,incline_repeat|interval|speed_workout,medical,8,True,4,6,morning,marathon,299.5,novice
66-M-UW-04,66,M,UW,60-69,66,104.7,16.9,68,162,Tanaka,46.8,1.5,28.6,8.2,28.2,59.0,127.9,,277.6,7.8,4,4,85,1,5,4,road,Part-time worker; trains mornings.,hr_strap,stress fracture history managed,bone stress risk,Building aerobic base before marathon attempt.,False,garmin_connect,50,22,28,1,5,False,incline_repeat|interval|speed_workout,medical,6,True,4,7,morning,marathon,302.7,novice
60-M-OW-01,60,M,OW,60-69,70,219.5,31.5,72,166,Tanaka,31.1,4.7,14.5,3.3,,,,,308.9,6.0,3,2,60,1,2,2,road,Desk job; walks at lunch and runs evenings.,hr_strap,plantar fasciitis managed,pacing consistency,Marathon goal set with physician as health milestone.,False,,50,25,25,2,1|3,False,incline_repeat|interval|speed_workout,medical,7,True,4,7,evening,marathon,292.4,novice
62-M-OW-02,62,M,OW,60-69,66,192.1,31.0,79,165,Tanaka,27.5,2.7,26.4,7.1,40.3,83.2,,,306.3,6.1,3,4,92,1,3,2,road,Physician-recommended exercise; trains mornings.,watch,knee osteoarthritis mild,joint load management,Completing a marathon for weight management.,False,apple_healthkit,50,25,25,3,1|5|7,False,incline_repeat|interval|speed_workout,medical,7,True,3,5,midday,marathon,290.9,novice
64-M-OW-03,64,M,OW,60-69,68,196.0,29.8,79,163,Tanaka,36.3,3.9,14.6,4.1,,,,,312.0,6.7,2,2,75,2,3,3,road,Family commitments; trains early before household wakes.,none,plantar fasciitis managed,joint load management,First marathon to prove ability after weight loss journey.,False,,50,25,25,2,1|5,False,incline_repeat|interval|speed_workout,medical,5,True,3,7,evening,marathon,306.1,novice
67-M-OW-04,67,M,OW,60-69,66,203.2,32.8,77,161,Tanaka,33.2,0.7,19.7,4.7,35.8,,,,299.4,6.3,3,3,72,2,2,2,road,Shift worker; trains on days off.,hr_strap,knee osteoarthritis mild,heat sensitivity,Running the marathon with a family member.,False,apple_healthkit,50,25,25,3,1|3|7,False,incline_repeat|interval|speed_workout,medical,5,True,4,7,morning,marathon,303.7,novice
60-M-HS-01,60,M,HS,60-69,70,169.4,24.3,72,166,Tanaka,36.2,7.1,24.3,7.3,35.7,,,,298.7,6.6,1,4,80,2,4,2,road,Demanding professional role; runs at lunch.,hr_strap,Achilles tendinopathy,cortisol-driven fatigue,Marathon is a stress management anchor.,False,whoop,50,25,25,1,7,True,speed_workout,preference,5,False,4,7,morning,marathon,294.4,novice
62-M-HS-02,62,M,HS,60-69,67,149.4,23.4,67,165,Tanaka,42.8,2.1,28.0,8.3,29.4,61.3,136.5,,220.3,6.6,1,5,89,1,4,3,road,Business owner; trains before 6am.,watch,Achilles tendinopathy,emotional stress load,Running keeps them grounded during a high-demand period.,False,,50,25,25,3,1|5|7,False,interval,preference,7,False,5,5,morning,marathon,232.8,intermediate
65-M-HS-03,65,M,HS,60-69,70,175.6,25.2,82,162,Tanaka,43.1,3.2,27.3,7.4,31.1,,,,228.4,6.0,1,4,84,2,3,4,road,New parent; trains during nap windows.,watch,plantar fasciitis managed,emotional stress load,Marathon training structured around demanding career.,False,apple_healthkit,50,25,25,3,1|5|7,False,incline_repeat|speed_workout,preference,7,False,3,7,morning,marathon,239.5,intermediate
66-M-HS-04,66,M,HS,60-69,72,188.8,25.6,72,162,Tanaka,39.5,7.4,24.6,6.2,32.0,67.4,,,217.2,6.3,3,5,88,3,3,4,road,Caregiver role; trains when coverage available.,watch,plantar fasciitis managed,cortisol-driven fatigue,Using marathon prep as a reason to protect recovery time.,False,garmin_connect,50,25,25,2,3|7,True,,preference,5,False,3,5,morning,marathon,223.4,intermediate
60-M-SD-01,60,M,SD,60-69,72,171.1,23.2,73,166,Tanaka,36.3,3.3,15.5,4.6,33.5,70.1,,,296.7,3.6,1,4,81,2,3,3,road,Parent of young children; trains in fragmented windows.,watch,hip flexor tightness,recovery deficit,Marathon goal to reclaim personal identity.,False,,50,25,25,3,3|5|7,False,interval|speed_workout,preference,6,False,3,6,midday,marathon,294.5,novice
63-M-SD-02,63,M,SD,60-69,66,154.9,25.0,71,164,Tanaka,33.9,2.6,14.0,4.1,,,,,303.5,4.8,1,2,75,1,2,3,road,Night shift nurse; trains post-shift before sleep.,none,,sleep fragmentation,Completing a marathon before next life stage.,False,apple_healthkit,50,25,25,1,1,False,incline_repeat|interval|speed_workout,preference,6,True,3,6,evening,marathon,296.2,novice
64-M-SD-03,64,M,SD,60-69,66,145.6,23.5,67,163,Tanaka,34.7,2.7,13.7,3.5,,,,,287.8,5.0,2,4,78,2,3,2,road,Startup employee; deprioritizes sleep for work.,none,shin splints intermittent,recovery deficit,Running the marathon for a cause close to them.,False,,50,25,25,2,1|7,False,incline_repeat|interval|speed_workout,preference,5,True,4,5,evening,marathon,298.5,novice
66-M-SD-04,66,M,SD,60-69,66,141.9,22.9,77,162,Tanaka,29.8,3.4,19.0,4.5,38.5,,,,312.4,4.2,1,4,85,1,3,3,road,Graduate student; stays up late writing.,watch,,sleep fragmentation,First marathon as a symbol of resilience.,False,apple_healthkit,50,25,25,3,3|5|7,False,incline_repeat|interval|speed_workout,preference,6,False,4,6,evening,marathon,309.3,novice
