study,cell,condition_a,condition_b,test,statistic,p_raw,p_bonferroni,correction_divisor,median_difference,n_pairs,significant
Study 1,overall,logreg,xgb,Wilcoxon signed-rank,4672.0,2.595e-03,3.892e-02,15,-0.00278,160,True
Study 1,overall,logreg,sasrec,Wilcoxon signed-rank,4732.0,3.616e-03,5.424e-02,15,-0.00258,160,False
Study 1,overall,logreg,transformer,Wilcoxon signed-rank,5102.5,2.269e-02,3.403e-01,15,0.00239,160,False
Study 1,overall,logreg,two_tower,Wilcoxon signed-rank,3269.0,6.580e-08,9.870e-07,15,-0.0068,160,True
Study 1,overall,logreg,TFN,Wilcoxon signed-rank,3528.0,7.012e-07,1.052e-05,15,-0.00758,160,True
Study 1,overall,xgb,sasrec,Wilcoxon signed-rank,5877.5,4.067e-01,1.000e+00,15,0.00113,160,False
Study 1,overall,xgb,transformer,Wilcoxon signed-rank,3767.5,5.289e-06,7.933e-05,15,0.0056,160,True
Study 1,overall,xgb,two_tower,Wilcoxon signed-rank,5674.0,1.919e-01,1.000e+00,15,-0.00165,160,False
Study 1,overall,xgb,TFN,Wilcoxon signed-rank,5249.5,4.254e-02,6.381e-01,15,-0.00322,160,False
Study 1,overall,sasrec,transformer,Wilcoxon signed-rank,3795.0,6.601e-06,9.902e-05,15,0.00502,160,True
Study 1,overall,sasrec,two_tower,Wilcoxon signed-rank,5716.0,2.174e-01,1.000e+00,15,-0.00074,160,False
Study 1,overall,sasrec,TFN,Wilcoxon signed-rank,4859.0,7.071e-03,1.061e-01,15,-0.00249,160,False
Study 1,overall,transformer,two_tower,Wilcoxon signed-rank,2480.0,1.515e-11,2.273e-10,15,-0.0073,160,True
Study 1,overall,transformer,TFN,Wilcoxon signed-rank,2742.0,2.975e-10,4.462e-09,15,-0.00879,160,True
Study 1,overall,two_tower,TFN,Wilcoxon signed-rank,5335.0,5.976e-02,8.965e-01,15,-0.00245,160,False
Study 1,profile_type=PA,logreg,xgb,Wilcoxon signed-rank,0.0,4.657e-10,6.985e-09,15,-0.04447,32,True
Study 1,profile_type=PA,logreg,sasrec,Wilcoxon signed-rank,5.0,4.657e-09,6.985e-08,15,-0.03195,32,True
Study 1,profile_type=PA,logreg,transformer,Wilcoxon signed-rank,228.0,5.119e-01,1.000e+00,15,-0.0005,32,False
Study 1,profile_type=PA,logreg,two_tower,Wilcoxon signed-rank,28.0,6.906e-07,1.036e-05,15,-0.01886,32,True
Study 1,profile_type=PA,logreg,TFN,Wilcoxon signed-rank,1.0,9.313e-10,1.397e-08,15,-0.03974,32,True
Study 1,profile_type=PA,xgb,sasrec,Wilcoxon signed-rank,144.0,2.400e-02,3.600e-01,15,0.00557,32,False
Study 1,profile_type=PA,xgb,transformer,Wilcoxon signed-rank,5.0,4.657e-09,6.985e-08,15,0.04457,32,True
Study 1,profile_type=PA,xgb,two_tower,Wilcoxon signed-rank,46.0,8.748e-06,1.312e-04,15,0.0244,32,True
Study 1,profile_type=PA,xgb,TFN,Wilcoxon signed-rank,242.0,6.916e-01,1.000e+00,15,0.00606,32,False
Study 1,profile_type=PA,sasrec,transformer,Wilcoxon signed-rank,10.0,2.002e-08,3.004e-07,15,0.03436,32,True
Study 1,profile_type=PA,sasrec,two_tower,Wilcoxon signed-rank,87.0,5.578e-04,8.367e-03,15,0.01757,32,True
Study 1,profile_type=PA,sasrec,TFN,Wilcoxon signed-rank,196.0,2.100e-01,1.000e+00,15,-0.00611,32,False
Study 1,profile_type=PA,transformer,two_tower,Wilcoxon signed-rank,17.0,9.639e-08,1.446e-06,15,-0.01866,32,True
Study 1,profile_type=PA,transformer,TFN,Wilcoxon signed-rank,0.0,4.657e-10,6.985e-09,15,-0.04002,32,True
Study 1,profile_type=PA,two_tower,TFN,Wilcoxon signed-rank,2.0,1.397e-09,2.095e-08,15,-0.02144,32,True
Study 1,profile_type=UW,logreg,xgb,Wilcoxon signed-rank,211.0,3.309e-01,1.000e+00,15,-0.00504,32,False
Study 1,profile_type=UW,logreg,sasrec,Wilcoxon signed-rank,243.0,7.053e-01,1.000e+00,15,-2e-05,32,False
Study 1,profile_type=UW,logreg,transformer,Wilcoxon signed-rank,204.0,2.699e-01,1.000e+00,15,0.00305,32,False
Study 1,profile_type=UW,logreg,two_tower,Wilcoxon signed-rank,61.0,4.891e-05,7.336e-04,15,-0.01434,32,True
Study 1,profile_type=UW,logreg,TFN,Wilcoxon signed-rank,41.0,4.597e-06,6.895e-05,15,-0.01606,32,True
Study 1,profile_type=UW,xgb,sasrec,Wilcoxon signed-rank,262.5,9.776e-01,1.000e+00,15,0.0017,32,False
Study 1,profile_type=UW,xgb,transformer,Wilcoxon signed-rank,174.0,9.454e-02,1.000e+00,15,0.00582,32,False
Study 1,profile_type=UW,xgb,two_tower,Wilcoxon signed-rank,35.0,2.004e-06,3.006e-05,15,-0.00989,32,True
Study 1,profile_type=UW,xgb,TFN,Wilcoxon signed-rank,31.0,1.106e-06,1.659e-05,15,-0.01119,32,True
Study 1,profile_type=UW,sasrec,transformer,Wilcoxon signed-rank,166.0,6.785e-02,1.000e+00,15,0.00471,32,False
Study 1,profile_type=UW,sasrec,two_tower,Wilcoxon signed-rank,80.0,3.064e-04,4.596e-03,15,-0.01199,32,True
Study 1,profile_type=UW,sasrec,TFN,Wilcoxon signed-rank,48.0,1.119e-05,1.679e-04,15,-0.01028,32,True
Study 1,profile_type=UW,transformer,two_tower,Wilcoxon signed-rank,29.0,8.098e-07,1.215e-05,15,-0.01309,32,True
Study 1,profile_type=UW,transformer,TFN,Wilcoxon signed-rank,34.0,1.733e-06,2.600e-05,15,-0.01514,32,True
Study 1,profile_type=UW,two_tower,TFN,Wilcoxon signed-rank,249.0,7.891e-01,1.000e+00,15,0.00077,32,False
Study 1,profile_type=OW,logreg,xgb,Wilcoxon signed-rank,226.0,4.773e-01,1.000e+00,15,0.00068,32,False
Study 1,profile_type=OW,logreg,sasrec,Wilcoxon signed-rank,215.0,3.694e-01,1.000e+00,15,0.00316,32,False
Study 1,profile_type=OW,logreg,transformer,Wilcoxon signed-rank,212.0,3.403e-01,1.000e+00,15,0.00223,32,False
Study 1,profile_type=OW,logreg,two_tower,Wilcoxon signed-rank,258.0,9.192e-01,1.000e+00,15,-0.00027,32,False
Study 1,profile_type=OW,logreg,TFN,Wilcoxon signed-rank,196.0,2.100e-01,1.000e+00,15,-0.00602,32,False
Study 1,profile_type=OW,xgb,sasrec,Wilcoxon signed-rank,245.0,7.329e-01,1.000e+00,15,0.00104,32,False
Study 1,profile_type=OW,xgb,transformer,Wilcoxon signed-rank,260.0,9.485e-01,1.000e+00,15,-0.0009,32,False
Study 1,profile_type=OW,xgb,two_tower,Wilcoxon signed-rank,192.0,1.838e-01,1.000e+00,15,-0.00228,32,False
Study 1,profile_type=OW,xgb,TFN,Wilcoxon signed-rank,133.0,1.323e-02,1.985e-01,15,-0.00618,32,False
Study 1,profile_type=OW,sasrec,transformer,Wilcoxon signed-rank,239.0,6.511e-01,1.000e+00,15,-0.00029,32,False
Study 1,profile_type=OW,sasrec,two_tower,Wilcoxon signed-rank,217.0,3.896e-01,1.000e+00,15,1e-05,32,False
Study 1,profile_type=OW,sasrec,TFN,Wilcoxon signed-rank,119.0,5.712e-03,8.568e-02,15,-0.01151,32,False
Study 1,profile_type=OW,transformer,two_tower,Wilcoxon signed-rank,224.0,4.653e-01,1.000e+00,15,-0.00106,32,False
Study 1,profile_type=OW,transformer,TFN,Wilcoxon signed-rank,152.0,3.582e-02,5.373e-01,15,-0.00754,32,False
Study 1,profile_type=OW,two_tower,TFN,Wilcoxon signed-rank,213.0,3.498e-01,1.000e+00,15,-0.0025,32,False
Study 1,profile_type=HS,logreg,xgb,Wilcoxon signed-rank,179.0,1.150e-01,1.000e+00,15,0.00517,32,False
Study 1,profile_type=HS,logreg,sasrec,Wilcoxon signed-rank,250.0,8.034e-01,1.000e+00,15,-0.00024,32,False
Study 1,profile_type=HS,logreg,transformer,Wilcoxon signed-rank,88.0,6.058e-04,9.088e-03,15,0.01081,32,True
Study 1,profile_type=HS,logreg,two_tower,Wilcoxon signed-rank,236.0,6.117e-01,1.000e+00,15,-0.00195,32,False
Study 1,profile_type=HS,logreg,TFN,Wilcoxon signed-rank,183.0,1.336e-01,1.000e+00,15,0.00398,32,False
Study 1,profile_type=HS,xgb,sasrec,Wilcoxon signed-rank,177.0,1.064e-01,1.000e+00,15,-0.00596,32,False
Study 1,profile_type=HS,xgb,transformer,Wilcoxon signed-rank,163.0,5.955e-02,8.932e-01,15,0.00582,32,False
Study 1,profile_type=HS,xgb,two_tower,Wilcoxon signed-rank,177.0,1.064e-01,1.000e+00,15,-0.0021,32,False
Study 1,profile_type=HS,xgb,TFN,Wilcoxon signed-rank,248.0,7.750e-01,1.000e+00,15,-0.00159,32,False
Study 1,profile_type=HS,sasrec,transformer,Wilcoxon signed-rank,126.0,8.798e-03,1.320e-01,15,0.00534,32,False
Study 1,profile_type=HS,sasrec,two_tower,Wilcoxon signed-rank,230.0,5.361e-01,1.000e+00,15,-0.0011,32,False
Study 1,profile_type=HS,sasrec,TFN,Wilcoxon signed-rank,181.0,1.240e-01,1.000e+00,15,0.00307,32,False
Study 1,profile_type=HS,transformer,two_tower,Wilcoxon signed-rank,103.0,1.929e-03,2.893e-02,15,-0.00652,32,True
Study 1,profile_type=HS,transformer,TFN,Wilcoxon signed-rank,192.0,1.838e-01,1.000e+00,15,-0.00487,32,False
Study 1,profile_type=HS,two_tower,TFN,Wilcoxon signed-rank,178.0,1.106e-01,1.000e+00,15,0.00291,32,False
Study 1,profile_type=SD,logreg,xgb,Wilcoxon signed-rank,259.0,9.339e-01,1.000e+00,15,0.00072,32,False
Study 1,profile_type=SD,logreg,sasrec,Wilcoxon signed-rank,263.0,9.926e-01,1.000e+00,15,0.00229,32,False
Study 1,profile_type=SD,logreg,transformer,Wilcoxon signed-rank,237.0,6.247e-01,1.000e+00,15,-0.00031,32,False
Study 1,profile_type=SD,logreg,two_tower,Wilcoxon signed-rank,171.0,8.371e-02,1.000e+00,15,-0.0058,32,False
Study 1,profile_type=SD,logreg,TFN,Wilcoxon signed-rank,223.0,4.540e-01,1.000e+00,15,0.00252,32,False
Study 1,profile_type=SD,xgb,sasrec,Wilcoxon signed-rank,220.0,5.832e-01,1.000e+00,15,0.00208,32,False
Study 1,profile_type=SD,xgb,transformer,Wilcoxon signed-rank,220.0,4.211e-01,1.000e+00,15,-0.00183,32,False
Study 1,profile_type=SD,xgb,two_tower,Wilcoxon signed-rank,174.0,9.454e-02,1.000e+00,15,-0.00234,32,False
Study 1,profile_type=SD,xgb,TFN,Wilcoxon signed-rank,189.0,1.658e-01,1.000e+00,15,0.00167,32,False
Study 1,profile_type=SD,sasrec,transformer,Wilcoxon signed-rank,217.0,3.896e-01,1.000e+00,15,-0.00128,32,False
Study 1,profile_type=SD,sasrec,two_tower,Wilcoxon signed-rank,156.0,4.333e-02,6.499e-01,15,-0.00373,32,False
Study 1,profile_type=SD,sasrec,TFN,Wilcoxon signed-rank,226.0,4.883e-01,1.000e+00,15,0.00058,32,False
Study 1,profile_type=SD,transformer,two_tower,Wilcoxon signed-rank,209.0,3.127e-01,1.000e+00,15,-0.00355,32,False
Study 1,profile_type=SD,transformer,TFN,Wilcoxon signed-rank,180.0,1.195e-01,1.000e+00,15,0.00174,32,False
Study 1,profile_type=SD,two_tower,TFN,Wilcoxon signed-rank,135.0,1.480e-02,2.220e-01,15,0.00736,32,False
Study 1,training_phase=base,logreg,xgb,Wilcoxon signed-rank,5234.0,3.992e-02,5.988e-01,15,-0.00414,160,False
Study 1,training_phase=base,logreg,sasrec,Wilcoxon signed-rank,5178.5,4.217e-02,6.326e-01,15,-0.00327,160,False
Study 1,training_phase=base,logreg,transformer,Wilcoxon signed-rank,6266.5,7.675e-01,1.000e+00,15,-0.00073,160,False
Study 1,training_phase=base,logreg,two_tower,Wilcoxon signed-rank,5489.0,1.052e-01,1.000e+00,15,-0.00286,160,False
Study 1,training_phase=base,logreg,TFN,Wilcoxon signed-rank,4584.5,1.572e-03,2.357e-02,15,-0.00559,160,True
Study 1,training_phase=base,xgb,sasrec,Wilcoxon signed-rank,6271.5,7.741e-01,1.000e+00,15,8e-05,160,False
Study 1,training_phase=base,xgb,transformer,Wilcoxon signed-rank,4967.5,1.212e-02,1.818e-01,15,0.00301,160,False
Study 1,training_phase=base,xgb,two_tower,Wilcoxon signed-rank,5979.0,4.322e-01,1.000e+00,15,0.00099,160,False
Study 1,training_phase=base,xgb,TFN,Wilcoxon signed-rank,6413.5,9.640e-01,1.000e+00,15,-0.0017,160,False
Study 1,training_phase=base,sasrec,transformer,Wilcoxon signed-rank,5157.5,2.889e-02,4.334e-01,15,0.00253,160,False
Study 1,training_phase=base,sasrec,two_tower,Wilcoxon signed-rank,6076.5,5.357e-01,1.000e+00,15,-0.00019,160,False
Study 1,training_phase=base,sasrec,TFN,Wilcoxon signed-rank,5753.0,2.418e-01,1.000e+00,15,-0.00384,160,False
Study 1,training_phase=base,transformer,two_tower,Wilcoxon signed-rank,5388.5,7.323e-02,1.000e+00,15,-0.00201,160,False
Study 1,training_phase=base,transformer,TFN,Wilcoxon signed-rank,4425.0,5.973e-04,8.959e-03,15,-0.00837,160,True
Study 1,training_phase=base,two_tower,TFN,Wilcoxon signed-rank,5072.0,1.977e-02,2.966e-01,15,-0.0037,160,False
Study 1,training_phase=build,logreg,xgb,Wilcoxon signed-rank,5071.5,1.973e-02,2.959e-01,15,-0.00157,160,False
Study 1,training_phase=build,logreg,sasrec,Wilcoxon signed-rank,5104.0,2.284e-02,3.426e-01,15,-0.00254,160,False
Study 1,training_phase=build,logreg,transformer,Wilcoxon signed-rank,5177.5,4.200e-02,6.300e-01,15,0.00098,160,False
Study 1,training_phase=build,logreg,two_tower,Wilcoxon signed-rank,4219.0,1.544e-04,2.317e-03,15,-0.00624,160,True
Study 1,training_phase=build,logreg,TFN,Wilcoxon signed-rank,3909.5,1.625e-05,2.437e-04,15,-0.01062,160,True
Study 1,training_phase=build,xgb,sasrec,Wilcoxon signed-rank,6248.0,8.473e-01,1.000e+00,15,-0.00145,160,False
Study 1,training_phase=build,xgb,transformer,Wilcoxon signed-rank,3871.0,1.205e-05,1.808e-04,15,0.00716,160,True
Study 1,training_phase=build,xgb,two_tower,Wilcoxon signed-rank,6242.5,7.365e-01,1.000e+00,15,-0.00273,160,False
Study 1,training_phase=build,xgb,TFN,Wilcoxon signed-rank,5456.5,9.383e-02,1.000e+00,15,-0.00585,160,False
Study 1,training_phase=build,sasrec,transformer,Wilcoxon signed-rank,3984.0,2.862e-05,4.293e-04,15,0.00666,160,True
Study 1,training_phase=build,sasrec,two_tower,Wilcoxon signed-rank,6138.5,6.075e-01,1.000e+00,15,-0.00327,160,False
Study 1,training_phase=build,sasrec,TFN,Wilcoxon signed-rank,5399.5,7.629e-02,1.000e+00,15,-0.00704,160,False
Study 1,training_phase=build,transformer,two_tower,Wilcoxon signed-rank,3307.5,9.466e-08,1.420e-06,15,-0.01002,160,True
Study 1,training_phase=build,transformer,TFN,Wilcoxon signed-rank,2609.0,6.724e-11,1.009e-09,15,-0.01419,160,True
Study 1,training_phase=build,two_tower,TFN,Wilcoxon signed-rank,5368.5,6.793e-02,1.000e+00,15,-0.00425,160,False
Study 1,training_phase=peak,logreg,xgb,Wilcoxon signed-rank,4640.5,2.171e-03,3.257e-02,15,-0.0069,160,True
Study 1,training_phase=peak,logreg,sasrec,Wilcoxon signed-rank,4600.0,1.720e-03,2.580e-02,15,-0.005,160,True
Study 1,training_phase=peak,logreg,transformer,Wilcoxon signed-rank,5706.5,2.114e-01,1.000e+00,15,0.00088,160,False
Study 1,training_phase=peak,logreg,two_tower,Wilcoxon signed-rank,3895.0,1.452e-05,2.179e-04,15,-0.01054,160,True
Study 1,training_phase=peak,logreg,TFN,Wilcoxon signed-rank,3937.0,2.006e-05,3.009e-04,15,-0.01155,160,True
Study 1,training_phase=peak,xgb,sasrec,Wilcoxon signed-rank,6249.0,7.449e-01,1.000e+00,15,-0.00255,160,False
Study 1,training_phase=peak,xgb,transformer,Wilcoxon signed-rank,3981.5,2.809e-05,4.213e-04,15,0.00835,160,True
Study 1,training_phase=peak,xgb,two_tower,Wilcoxon signed-rank,5060.0,1.872e-02,2.808e-01,15,-0.00696,160,False
Study 1,training_phase=peak,xgb,TFN,Wilcoxon signed-rank,5879.0,4.081e-01,1.000e+00,15,0.0002,160,False
Study 1,training_phase=peak,sasrec,transformer,Wilcoxon signed-rank,4148.0,9.432e-05,1.415e-03,15,0.00879,160,True
Study 1,training_phase=peak,sasrec,two_tower,Wilcoxon signed-rank,5306.5,5.347e-02,8.021e-01,15,-0.00415,160,False
Study 1,training_phase=peak,sasrec,TFN,Wilcoxon signed-rank,5909.0,3.657e-01,1.000e+00,15,-0.00286,160,False
Study 1,training_phase=peak,transformer,two_tower,Wilcoxon signed-rank,3499.0,5.431e-07,8.146e-06,15,-0.01346,160,True
Study 1,training_phase=peak,transformer,TFN,Wilcoxon signed-rank,3527.5,6.981e-07,1.047e-05,15,-0.01632,160,True
Study 1,training_phase=peak,two_tower,TFN,Wilcoxon signed-rank,5684.0,1.978e-01,1.000e+00,15,0.00523,160,False
Study 1,training_phase=taper,logreg,xgb,Wilcoxon signed-rank,6009.5,4.633e-01,1.000e+00,15,-0.00129,160,False
Study 1,training_phase=taper,logreg,sasrec,Wilcoxon signed-rank,6364.0,8.970e-01,1.000e+00,15,0.00034,160,False
Study 1,training_phase=taper,logreg,transformer,Wilcoxon signed-rank,6089.5,5.504e-01,1.000e+00,15,-0.00185,160,False
Study 1,training_phase=taper,logreg,two_tower,Wilcoxon signed-rank,4445.5,6.790e-04,1.018e-02,15,-0.00851,160,True
Study 1,training_phase=taper,logreg,TFN,Wilcoxon signed-rank,4034.0,4.150e-05,6.225e-04,15,-0.00745,160,True
Study 1,training_phase=taper,xgb,sasrec,Wilcoxon signed-rank,6368.5,9.030e-01,1.000e+00,15,-0.00019,160,False
Study 1,training_phase=taper,xgb,transformer,Wilcoxon signed-rank,6227.5,7.173e-01,1.000e+00,15,0.00089,160,False
Study 1,training_phase=taper,xgb,two_tower,Wilcoxon signed-rank,4566.5,1.414e-03,2.121e-02,15,-0.0068,160,True
Study 1,training_phase=taper,xgb,TFN,Wilcoxon signed-rank,3960.5,2.398e-05,3.597e-04,15,-0.0058,160,True
Study 1,training_phase=taper,sasrec,transformer,Wilcoxon signed-rank,6390.0,9.321e-01,1.000e+00,15,0.00447,160,False
Study 1,training_phase=taper,sasrec,two_tower,Wilcoxon signed-rank,4721.0,3.405e-03,5.108e-02,15,-0.00387,160,False
Study 1,training_phase=taper,sasrec,TFN,Wilcoxon signed-rank,3996.0,3.131e-05,4.697e-04,15,-0.00912,160,True
Study 1,training_phase=taper,transformer,two_tower,Wilcoxon signed-rank,4863.0,7.217e-03,1.083e-01,15,-0.00436,160,False
Study 1,training_phase=taper,transformer,TFN,Wilcoxon signed-rank,4053.0,4.770e-05,7.155e-04,15,-0.00855,160,True
Study 1,training_phase=taper,two_tower,TFN,Wilcoxon signed-rank,5681.5,2.433e-01,1.000e+00,15,-0.00252,160,False
Study 1,fitness_tier=low,logreg,xgb,Wilcoxon signed-rank,636.0,3.591e-01,1.000e+00,15,0.00072,54,False
Study 1,fitness_tier=low,logreg,sasrec,Wilcoxon signed-rank,606.0,2.399e-01,1.000e+00,15,0.00327,54,False
Study 1,fitness_tier=low,logreg,transformer,Wilcoxon signed-rank,652.0,4.358e-01,1.000e+00,15,0.00223,54,False
Study 1,fitness_tier=low,logreg,two_tower,Wilcoxon signed-rank,651.0,4.308e-01,1.000e+00,15,-0.00236,54,False
Study 1,fitness_tier=low,logreg,TFN,Wilcoxon signed-rank,719.0,8.397e-01,1.000e+00,15,0.00042,54,False
Study 1,fitness_tier=low,xgb,sasrec,Wilcoxon signed-rank,703.0,9.119e-01,1.000e+00,15,-0.00062,54,False
Study 1,fitness_tier=low,xgb,transformer,Wilcoxon signed-rank,659.0,4.722e-01,1.000e+00,15,-0.00201,54,False
Study 1,fitness_tier=low,xgb,two_tower,Wilcoxon signed-rank,443.0,9.916e-03,1.487e-01,15,-0.00278,54,False
Study 1,fitness_tier=low,xgb,TFN,Wilcoxon signed-rank,654.0,4.461e-01,1.000e+00,15,-0.00298,54,False
Study 1,fitness_tier=low,sasrec,transformer,Wilcoxon signed-rank,706.0,7.533e-01,1.000e+00,15,0.00022,54,False
Study 1,fitness_tier=low,sasrec,two_tower,Wilcoxon signed-rank,528.0,6.476e-02,9.714e-01,15,-0.00196,54,False
Study 1,fitness_tier=low,sasrec,TFN,Wilcoxon signed-rank,597.0,2.103e-01,1.000e+00,15,-0.00269,54,False
Study 1,fitness_tier=low,transformer,two_tower,Wilcoxon signed-rank,554.0,1.046e-01,1.000e+00,15,-0.00185,54,False
Study 1,fitness_tier=low,transformer,TFN,Wilcoxon signed-rank,681.0,5.964e-01,1.000e+00,15,-0.00156,54,False
Study 1,fitness_tier=low,two_tower,TFN,Wilcoxon signed-rank,622.0,2.995e-01,1.000e+00,15,0.00216,54,False
Study 1,fitness_tier=mid,logreg,xgb,Wilcoxon signed-rank,718.0,6.631e-01,1.000e+00,15,0.00112,55,False
Study 1,fitness_tier=mid,logreg,sasrec,Wilcoxon signed-rank,671.0,4.068e-01,1.000e+00,15,-0.00059,55,False
Study 1,fitness_tier=mid,logreg,transformer,Wilcoxon signed-rank,587.0,1.252e-01,1.000e+00,15,0.00357,55,False
Study 1,fitness_tier=mid,logreg,two_tower,Wilcoxon signed-rank,373.0,8.801e-04,1.320e-02,15,-0.00529,55,True
Study 1,fitness_tier=mid,logreg,TFN,Wilcoxon signed-rank,460.0,9.395e-03,1.409e-01,15,-0.00627,55,False
Study 1,fitness_tier=mid,xgb,sasrec,Wilcoxon signed-rank,740.0,8.015e-01,1.000e+00,15,0.00135,55,False
Study 1,fitness_tier=mid,xgb,transformer,Wilcoxon signed-rank,517.0,3.403e-02,5.104e-01,15,0.00532,55,False
Study 1,fitness_tier=mid,xgb,two_tower,Wilcoxon signed-rank,392.0,1.540e-03,2.310e-02,15,-0.00463,55,True
Study 1,fitness_tier=mid,xgb,TFN,Wilcoxon signed-rank,384.0,1.220e-03,1.830e-02,15,-0.0052,55,True
Study 1,fitness_tier=mid,sasrec,transformer,Wilcoxon signed-rank,530.0,4.434e-02,6.651e-01,15,0.00417,55,False
Study 1,fitness_tier=mid,sasrec,two_tower,Wilcoxon signed-rank,440.0,5.694e-03,8.540e-02,15,-0.00435,55,False
Study 1,fitness_tier=mid,sasrec,TFN,Wilcoxon signed-rank,533.0,4.706e-02,7.060e-01,15,-0.00199,55,False
Study 1,fitness_tier=mid,transformer,two_tower,Wilcoxon signed-rank,305.0,9.778e-05,1.467e-03,15,-0.00936,55,True
Study 1,fitness_tier=mid,transformer,TFN,Wilcoxon signed-rank,311.0,1.202e-04,1.803e-03,15,-0.00651,55,True
Study 1,fitness_tier=mid,two_tower,TFN,Wilcoxon signed-rank,689.0,4.974e-01,1.000e+00,15,0.00077,55,False
Study 1,fitness_tier=high,logreg,xgb,Wilcoxon signed-rank,165.0,3.042e-06,4.562e-05,15,-0.02265,51,True
Study 1,fitness_tier=high,logreg,sasrec,Wilcoxon signed-rank,181.0,6.242e-06,9.363e-05,15,-0.01948,51,True
Study 1,fitness_tier=high,logreg,transformer,Wilcoxon signed-rank,479.0,8.458e-02,1.000e+00,15,0.00248,51,False
Study 1,fitness_tier=high,logreg,two_tower,Wilcoxon signed-rank,157.0,2.106e-06,3.159e-05,15,-0.01524,51,True
Study 1,fitness_tier=high,logreg,TFN,Wilcoxon signed-rank,112.0,2.407e-07,3.611e-06,15,-0.02779,51,True
Study 1,fitness_tier=high,xgb,sasrec,Wilcoxon signed-rank,510.0,1.515e-01,1.000e+00,15,0.00218,51,False
Study 1,fitness_tier=high,xgb,transformer,Wilcoxon signed-rank,107.0,1.872e-07,2.808e-06,15,0.02772,51,True
Study 1,fitness_tier=high,xgb,two_tower,Wilcoxon signed-rank,379.0,7.766e-03,1.165e-01,15,0.00512,51,False
Study 1,fitness_tier=high,xgb,TFN,Wilcoxon signed-rank,659.0,9.701e-01,1.000e+00,15,-0.00223,51,False
Study 1,fitness_tier=high,sasrec,transformer,Wilcoxon signed-rank,121.0,3.766e-07,5.649e-06,15,0.02144,51,True
Study 1,fitness_tier=high,sasrec,two_tower,Wilcoxon signed-rank,444.0,4.009e-02,6.014e-01,15,0.00629,51,False
Study 1,fitness_tier=high,sasrec,TFN,Wilcoxon signed-rank,515.0,1.654e-01,1.000e+00,15,-0.00422,51,False
Study 1,fitness_tier=high,transformer,two_tower,Wilcoxon signed-rank,79.0,4.397e-08,6.596e-07,15,-0.01778,51,True
Study 1,fitness_tier=high,transformer,TFN,Wilcoxon signed-rank,71.0,2.872e-08,4.307e-07,15,-0.03014,51,True
Study 1,fitness_tier=high,two_tower,TFN,Wilcoxon signed-rank,251.0,1.125e-04,1.688e-03,15,-0.01452,51,True
Study 2,additive_staircase,TFN-B,TFN,Wilcoxon signed-rank,149.0,8.411e-27,5.887e-26,7,-0.01397,160,True
Study 2,additive_staircase,TFN-B-G,TFN,Wilcoxon signed-rank,149.0,8.411e-27,5.887e-26,7,-0.01397,160,True
Study 2,additive_staircase,TFN-BG-C,TFN,Wilcoxon signed-rank,1617.0,2.092e-16,1.464e-15,7,-0.00714,160,True
Study 2,additive_staircase,TFN-BGC-Uq,TFN,Wilcoxon signed-rank,986.5,1.531e-20,1.071e-19,7,-0.00761,160,True
Study 2,additive_staircase,TFN-BGCUq-W,TFN,Wilcoxon signed-rank,4456.5,1.062e-03,7.437e-03,7,-0.00139,160,True
Study 2,additive_staircase,TFN-BGCUqW-Mh,TFN,Wilcoxon signed-rank,4456.5,1.062e-03,7.437e-03,7,-0.00139,160,True
Study 2,additive_staircase,TFN-BGCUqWMh-Mt,TFN,Wilcoxon signed-rank,4610.0,9.170e-01,1.000e+00,7,0.0,160,False
